-- MySQL dump 10.13  Distrib 5.7.41, for osx10.18 (x86_64)
--
-- Host: localhost    Database: djt_new
-- ------------------------------------------------------
-- Server version	5.7.41

/*!40101 SET @OLD_CHARACTER_SET_CLIENT=@@CHARACTER_SET_CLIENT */;
/*!40101 SET @OLD_CHARACTER_SET_RESULTS=@@CHARACTER_SET_RESULTS */;
/*!40101 SET @OLD_COLLATION_CONNECTION=@@COLLATION_CONNECTION */;
/*!40101 SET NAMES utf8 */;
/*!40103 SET @OLD_TIME_ZONE=@@TIME_ZONE */;
/*!40103 SET TIME_ZONE='+00:00' */;
/*!40014 SET @OLD_UNIQUE_CHECKS=@@UNIQUE_CHECKS, UNIQUE_CHECKS=0 */;
/*!40014 SET @OLD_FOREIGN_KEY_CHECKS=@@FOREIGN_KEY_CHECKS, FOREIGN_KEY_CHECKS=0 */;
/*!40101 SET @OLD_SQL_MODE=@@SQL_MODE, SQL_MODE='NO_AUTO_VALUE_ON_ZERO' */;
/*!40111 SET @OLD_SQL_NOTES=@@SQL_NOTES, SQL_NOTES=0 */;

--
-- Table structure for table `category`
--

DROP TABLE IF EXISTS `category`;
/*!40101 SET @saved_cs_client     = @@character_set_client */;
/*!40101 SET character_set_client = utf8 */;
CREATE TABLE `category` (
  `id` int(10) unsigned NOT NULL AUTO_INCREMENT,
  `name` varchar(100) DEFAULT NULL,
  `slug` varchar(250) DEFAULT NULL,
  `created_at` timestamp NULL DEFAULT NULL,
  `updated_at` timestamp NULL DEFAULT NULL,
  `is_furniture` tinyint(1) DEFAULT NULL,
  `is_equipment` tinyint(1) DEFAULT NULL,
  `sort` int(11) DEFAULT NULL,
  `url` text,
  PRIMARY KEY (`id`)
) ENGINE=InnoDB AUTO_INCREMENT=9 DEFAULT CHARSET=utf8;
/*!40101 SET character_set_client = @saved_cs_client */;

--
-- Dumping data for table `category`
--

LOCK TABLES `category` WRITE;
/*!40000 ALTER TABLE `category` DISABLE KEYS */;
INSERT INTO `category` VALUES (1,'App',NULL,'2023-05-15 02:43:11','2023-05-15 02:43:11',NULL,NULL,NULL,NULL),(2,'Arcwood',NULL,'2023-05-15 02:43:11','2023-05-15 02:43:11',1,NULL,2,'https://e-katalog.lkpp.go.id/productsearchcontroller/listproduk?authenticityToken=dde7b417ad06262148b65a1eaf40c1bec08089ff&commodityId=824&mid=53368&order=relevance&limit=12&offset=1'),(3,'Dwida Jaya Tama',NULL,'2023-05-15 02:43:11','2023-05-15 02:43:11',NULL,1,1,'https://e-katalog.lkpp.go.id/productsearchcontroller/listproduk?authenticityToken=dde7b417ad06262148b65a1eaf40c1bec08089ff&cat=14050&commodityId=812&pid=449415&order=relevance&limit=12&offset=1'),(4,'Hond',NULL,'2023-05-15 02:43:11','2023-05-15 02:43:11',NULL,1,3,'https://e-katalog.lkpp.go.id/productsearchcontroller/listproduk?authenticityToken=dde7b417ad06262148b65a1eaf40c1bec08089ff&cat=13911&commodityId=812&pid=449415&order=relevance&limit=12&offset=1'),(5,'Legano',NULL,'2023-05-15 02:43:11','2023-05-15 02:43:11',1,NULL,1,'https://e-katalog.lkpp.go.id/productsearchcontroller/listproduk?authenticityToken=dde7b417ad06262148b65a1eaf40c1bec08089ff&commodityId=824&mid=53368&order=relevance&limit=12&offset=1'),(6,'Noutek',NULL,'2023-05-15 02:43:11','2023-05-15 02:43:11',NULL,1,4,'https://e-katalog.lkpp.go.id/productsearchcontroller/listproduk?authenticityToken=dde7b417ad06262148b65a1eaf40c1bec08089ff&cat=14095&commodityId=812&pid=449415&order=relevance&limit=12&offset=1'),(7,'Talisma',NULL,'2023-05-15 02:43:11','2023-05-15 02:43:11',1,NULL,3,'https://e-katalog.lkpp.go.id/productsearchcontroller/listproduk?authenticityToken=dde7b417ad06262148b65a1eaf40c1bec08089ff&cat=14110&commodityId=812&pid=449415&order=relevance&limit=12&offset=1'),(8,'Vasiki',NULL,'2023-05-15 02:43:11','2023-05-15 02:43:11',NULL,1,2,'https://e-katalog.lkpp.go.id/productsearchcontroller/listproduk?authenticityToken=dde7b417ad06262148b65a1eaf40c1bec08089ff&cat=14038&commodityId=812&pid=449415&order=relevance&limit=12&offset=1');
/*!40000 ALTER TABLE `category` ENABLE KEYS */;
UNLOCK TABLES;

--
-- Table structure for table `media`
--

DROP TABLE IF EXISTS `media`;
/*!40101 SET @saved_cs_client     = @@character_set_client */;
/*!40101 SET character_set_client = utf8 */;
CREATE TABLE `media` (
  `id` bigint(20) unsigned NOT NULL AUTO_INCREMENT,
  `type` varchar(100) DEFAULT NULL,
  `desktop` varchar(250) DEFAULT NULL,
  `mobile` varchar(250) DEFAULT NULL,
  `created_at` timestamp NULL DEFAULT NULL,
  `updated_at` timestamp NULL DEFAULT NULL,
  PRIMARY KEY (`id`)
) ENGINE=InnoDB AUTO_INCREMENT=185 DEFAULT CHARSET=utf8;
/*!40101 SET character_set_client = @saved_cs_client */;

--
-- Dumping data for table `media`
--

LOCK TABLES `media` WRITE;
/*!40000 ALTER TABLE `media` DISABLE KEYS */;
INSERT INTO `media` VALUES (1,'product','APP/01.jpg','APP/01.jpg','2023-05-15 02:58:11','2023-05-15 02:58:11'),(2,'product','APP/02.jpg','APP/02.jpg','2023-05-15 02:58:11','2023-05-15 02:58:11'),(3,'product','APP/03.jpg','APP/03.jpg','2023-05-15 02:58:11','2023-05-15 02:58:11'),(4,'product','APP/04.jpg','APP/04.jpg','2023-05-15 02:58:11','2023-05-15 02:58:11'),(5,'product','APP/05.jpg','APP/05.jpg','2023-05-15 02:58:11','2023-05-15 02:58:11'),(6,'product','ARCWOOD/1 office chair.jpg','ARCWOOD/1 office chair.jpg','2023-05-15 02:58:11','2023-05-15 02:58:11'),(7,'product','ARCWOOD/2 office chair.jpg','ARCWOOD/2 office chair.jpg','2023-05-15 02:58:11','2023-05-15 02:58:11'),(8,'product','ARCWOOD/3 office chair.jpg','ARCWOOD/3 office chair.jpg','2023-05-15 02:58:11','2023-05-15 02:58:11'),(9,'product','ARCWOOD/4 office chair.jpg','ARCWOOD/4 office chair.jpg','2023-05-15 02:58:11','2023-05-15 02:58:11'),(10,'product','ARCWOOD/5 office chair.jpg','ARCWOOD/5 office chair.jpg','2023-05-15 02:58:11','2023-05-15 02:58:11'),(11,'product','ARCWOOD/6 office chair.jpg','ARCWOOD/6 office chair.jpg','2023-05-15 02:58:11','2023-05-15 02:58:11'),(12,'product','ARCWOOD/7 office chair.jpg','ARCWOOD/7 office chair.jpg','2023-05-15 02:58:11','2023-05-15 02:58:11'),(13,'product','ARCWOOD/8 executive desk.jpg','ARCWOOD/8 executive desk.jpg','2023-05-15 02:58:11','2023-05-15 02:58:11'),(14,'product','ARCWOOD/9 executive desk.jpg','ARCWOOD/9 executive desk.jpg','2023-05-15 02:58:11','2023-05-15 02:58:11'),(15,'product','ARCWOOD/10 executive desk.jpg','ARCWOOD/10 executive desk.jpg','2023-05-15 02:58:11','2023-05-15 02:58:11'),(16,'product','DJT/01.jpg','DJT/01.jpg','2023-05-15 02:58:11','2023-05-15 02:58:11'),(17,'product','DJT/02.jpg','DJT/02.jpg','2023-05-15 02:58:11','2023-05-15 02:58:11'),(18,'product','DJT/03.jpg','DJT/03.jpg','2023-05-15 02:58:11','2023-05-15 02:58:11'),(19,'product','DJT/04.jpg','DJT/04.jpg','2023-05-15 02:58:11','2023-05-15 02:58:11'),(20,'product','DJT/05.jpg','DJT/05.jpg','2023-05-15 02:58:11','2023-05-15 02:58:11'),(21,'product','DJT/06.jpg','DJT/06.jpg','2023-05-15 02:58:11','2023-05-15 02:58:11'),(22,'product','DJT/07.jpg','DJT/07.jpg','2023-05-15 02:58:11','2023-05-15 02:58:11'),(23,'product','DJT/08.jpg','DJT/08.jpg','2023-05-15 02:58:11','2023-05-15 02:58:11'),(24,'product','DJT/09.jpg','DJT/09.jpg','2023-05-15 02:58:11','2023-05-15 02:58:11'),(25,'product','DJT/10.jpg','DJT/10.jpg','2023-05-15 02:58:11','2023-05-15 02:58:11'),(26,'product','HOND/01.jpg','HOND/01.jpg','2023-05-15 02:58:11','2023-05-15 02:58:11'),(27,'product','HOND/02.jpg','HOND/02.jpg','2023-05-15 02:58:11','2023-05-15 02:58:11'),(28,'product','HOND/03.jpg','HOND/03.jpg','2023-05-15 02:58:11','2023-05-15 02:58:11'),(29,'product','HOND/04.jpg','HOND/04.jpg','2023-05-15 02:58:11','2023-05-15 02:58:11'),(30,'product','HOND/05.jpg','HOND/05.jpg','2023-05-15 02:58:11','2023-05-15 02:58:11'),(31,'product','HOND/06.jpg','HOND/06.jpg','2023-05-15 02:58:11','2023-05-15 02:58:11'),(32,'product','HOND/07.jpg','HOND/07.jpg','2023-05-15 02:58:11','2023-05-15 02:58:11'),(33,'product','HOND/08.jpg','HOND/08.jpg','2023-05-15 02:58:11','2023-05-15 02:58:11'),(34,'product','HOND/09.jpg','HOND/09.jpg','2023-05-15 02:58:11','2023-05-15 02:58:11'),(35,'product','HOND/10.jpg','HOND/10.jpg','2023-05-15 02:58:11','2023-05-15 02:58:11'),(36,'product','LEGANO/1 modern minimalist sofa.jpg','LEGANO/1 modern minimalist sofa.jpg','2023-05-15 02:58:11','2023-05-15 02:58:11'),(37,'product','LEGANO/2 modern minimalist sofa.jpg','LEGANO/2 modern minimalist sofa.jpg','2023-05-15 02:58:11','2023-05-15 02:58:11'),(38,'product','LEGANO/3 modern minimalist sofa.jpg','LEGANO/3 modern minimalist sofa.jpg','2023-05-15 02:58:11','2023-05-15 02:58:11'),(39,'product','LEGANO/4 modern minimalist sofa.jpg','LEGANO/4 modern minimalist sofa.jpg','2023-05-15 02:58:11','2023-05-15 02:58:11'),(40,'product','LEGANO/5 leather sofa.jpg','LEGANO/5 leather sofa.jpg','2023-05-15 02:58:11','2023-05-15 02:58:11'),(41,'product','LEGANO/6 leather sofa.jpg','LEGANO/6 leather sofa.jpg','2023-05-15 02:58:11','2023-05-15 02:58:11'),(42,'product','LEGANO/7 modern minimalist table.jpg','LEGANO/7 modern minimalist table.jpg','2023-05-15 02:58:11','2023-05-15 02:58:11'),(43,'product','LEGANO/8 modern minimalist table.jpg','LEGANO/8 modern minimalist table.jpg','2023-05-15 02:58:11','2023-05-15 02:58:11'),(44,'product','LEGANO/9 modern minimalist table.jpg','LEGANO/9 modern minimalist table.jpg','2023-05-15 02:58:11','2023-05-15 02:58:11'),(45,'product','LEGANO/10 executive desk.jpg','LEGANO/10 executive desk.jpg','2023-05-15 02:58:11','2023-05-15 02:58:11'),(46,'product','NOUTEK/01.jpg','NOUTEK/01.jpg','2023-05-15 02:58:11','2023-05-15 02:58:11'),(47,'product','NOUTEK/02.jpg','NOUTEK/02.jpg','2023-05-15 02:58:11','2023-05-15 02:58:11'),(48,'product','NOUTEK/03.jpg','NOUTEK/03.jpg','2023-05-15 02:58:11','2023-05-15 02:58:11'),(49,'product','NOUTEK/04.jpg','NOUTEK/04.jpg','2023-05-15 02:58:11','2023-05-15 02:58:11'),(50,'product','NOUTEK/05.jpg','NOUTEK/05.jpg','2023-05-15 02:58:11','2023-05-15 02:58:11'),(51,'product','NOUTEK/06.jpg','NOUTEK/06.jpg','2023-05-15 02:58:11','2023-05-15 02:58:11'),(52,'product','NOUTEK/07.jpg','NOUTEK/07.jpg','2023-05-15 02:58:11','2023-05-15 02:58:11'),(53,'product','NOUTEK/08.jpg','NOUTEK/08.jpg','2023-05-15 02:58:11','2023-05-15 02:58:11'),(54,'product','NOUTEK/09.jpg','NOUTEK/09.jpg','2023-05-15 02:58:11','2023-05-15 02:58:11'),(55,'product','NOUTEK/10.jpg','NOUTEK/10.jpg','2023-05-15 02:58:11','2023-05-15 02:58:11'),(56,'product','TALISMA/1 student chair & desk.jpg','TALISMA/1 student chair & desk.jpg','2023-05-15 02:58:11','2023-05-15 02:58:11'),(57,'product','TALISMA/2 student chair & desk.jpg','TALISMA/2 student chair & desk.jpg','2023-05-15 02:58:11','2023-05-15 02:58:11'),(58,'product','TALISMA/3 student chair & desk.jpg','TALISMA/3 student chair & desk.jpg','2023-05-15 02:58:11','2023-05-15 02:58:11'),(59,'product','TALISMA/4 student chair & desk.jpg','TALISMA/4 student chair & desk.jpg','2023-05-15 02:58:11','2023-05-15 02:58:11'),(60,'product','TALISMA/5 lecture chair & desk.jpg','TALISMA/5 lecture chair & desk.jpg','2023-05-15 02:58:11','2023-05-15 02:58:11'),(61,'product','TALISMA/6 filing cabinet.jpg','TALISMA/6 filing cabinet.jpg','2023-05-15 02:58:11','2023-05-15 02:58:11'),(62,'product','TALISMA/7 locker cabinet.jpg','TALISMA/7 locker cabinet.jpg','2023-05-15 02:58:11','2023-05-15 02:58:11'),(63,'product','TALISMA/8 teacher desk.jpg','TALISMA/8 teacher desk.jpg','2023-05-15 02:58:11','2023-05-15 02:58:11'),(64,'product','TALISMA/9 teacher desk.jpg','TALISMA/9 teacher desk.jpg','2023-05-15 02:58:11','2023-05-15 02:58:11'),(65,'product','TALISMA/10 teacher desk.jpg','TALISMA/10 teacher desk.jpg','2023-05-15 02:58:11','2023-05-15 02:58:11'),(66,'product','VASIKI/01.jpg','VASIKI/01.jpg','2023-05-15 02:58:11','2023-05-15 02:58:11'),(67,'product','VASIKI/02.jpg','VASIKI/02.jpg','2023-05-15 02:58:11','2023-05-15 02:58:11'),(68,'product','VASIKI/03.jpg','VASIKI/03.jpg','2023-05-15 02:58:11','2023-05-15 02:58:11'),(69,'product','VASIKI/04.jpg','VASIKI/04.jpg','2023-05-15 02:58:11','2023-05-15 02:58:11'),(70,'product','VASIKI/05.jpg','VASIKI/05.jpg','2023-05-15 02:58:11','2023-05-15 02:58:11'),(71,'product','VASIKI/06.jpg','VASIKI/06.jpg','2023-05-15 02:58:11','2023-05-15 02:58:11'),(72,'product','VASIKI/07.jpg','VASIKI/07.jpg','2023-05-15 02:58:11','2023-05-15 02:58:11'),(73,'product','VASIKI/08.jpg','VASIKI/08.jpg','2023-05-15 02:58:11','2023-05-15 02:58:11'),(74,'product','VASIKI/09.jpg','VASIKI/09.jpg','2023-05-15 02:58:11','2023-05-15 02:58:11'),(75,'product','VASIKI/10.jpg','VASIKI/10.jpg','2023-05-15 02:58:11','2023-05-15 02:58:11'),(76,'product','APP/06.jpg','APP/06.jpg','2023-05-15 02:58:11','2023-05-15 02:58:11'),(77,'project','office-space/IM1_RUANGKERJA_DELTA%20MAS.jpg','office-space/IM1_RUANGKERJA_DELTA%20MAS.jpg','2023-05-15 02:58:11','2023-05-15 02:58:11'),(78,'project','office-space/IM1_SHOWROOM_CLASSIC1_LEGANO.jpg','office-space/IM1_SHOWROOM_CLASSIC1_LEGANO.jpg','2023-05-15 02:58:11','2023-05-15 02:58:11'),(79,'project','office-space/IM2_RUANG-KASUBDIT_POSISI_PINGGIR.jpg','office-space/IM2_RUANG-KASUBDIT_POSISI_PINGGIR.jpg','2023-05-15 02:58:11','2023-05-15 02:58:11'),(80,'project','office-space/IM2_RUANG-STAFF-KASUBDIT_POSISI_PINGGIR.jpg','office-space/IM2_RUANG-STAFF-KASUBDIT_POSISI_PINGGIR.jpg','2023-05-15 02:58:11','2023-05-15 02:58:11'),(81,'project','office-space/IM2_SHOWROOM_CLASSIC3_LEGANO.jpg','office-space/IM2_SHOWROOM_CLASSIC3_LEGANO.jpg','2023-05-15 02:58:11','2023-05-15 02:58:11'),(82,'project','office-space/img1-kabag-datin-MENHAN.jpg','office-space/img1-kabag-datin-MENHAN.jpg','2023-05-15 02:58:11','2023-05-15 02:58:11'),(83,'project','office-space/RKTR Utama05.effectsResult.png','office-space/RKTR Utama05.effectsResult.png','2023-05-15 02:58:11','2023-05-15 02:58:11'),(84,'project','office-space/RKTRmeetingBesar02.effectsResult.png','office-space/RKTRmeetingBesar02.effectsResult.png','2023-05-15 02:58:11','2023-05-15 02:58:11'),(85,'project','hall/201221_legano_diklatjaksa51955.jpg','hall/201221_legano_diklatjaksa51955.jpg','2023-05-15 02:58:11','2023-05-15 02:58:11'),(86,'project','hall/201221_legano_diklatjaksa51972.jpg','hall/201221_legano_diklatjaksa51972.jpg','2023-05-15 02:58:11','2023-05-15 02:58:11'),(87,'project','residential/IM1_SUPERIOR_BEDROOM.jpg','residential/IM1_SUPERIOR_BEDROOM.jpg','2023-05-15 02:58:11','2023-05-15 02:58:11'),(88,'project','residential/IM3_SUPERIOR_BEDROOM.jpg','residential/IM3_SUPERIOR_BEDROOM.jpg','2023-05-15 02:58:11','2023-05-15 02:58:11'),(89,'project','residential/IM4_SUPERIOR_BEDROOM.jpg','residential/IM4_SUPERIOR_BEDROOM.jpg','2023-05-15 02:58:11','2023-05-15 02:58:11'),(90,'project','residential/IM5_SUPERIOR_BEDROOM.jpg','residential/IM5_SUPERIOR_BEDROOM.jpg','2023-05-15 02:58:11','2023-05-15 02:58:11'),(91,'project','hospitality/IM1_UMASAN_JAPANESE_RESTO.jpg','hospitality/IM1_UMASAN_JAPANESE_RESTO.jpg','2023-05-15 02:58:11','2023-05-15 02:58:11'),(92,'project','hospitality/IM2_UMASAN_BEDROOM_VILLA.jpg','hospitality/IM2_UMASAN_BEDROOM_VILLA.jpg','2023-05-15 02:58:11','2023-05-15 02:58:11'),(93,'project','hospitality/IM3_UMASAN_BEDROOM_VILLA_ED.jpg','hospitality/IM3_UMASAN_BEDROOM_VILLA_ED.jpg','2023-05-15 02:58:11','2023-05-15 02:58:11'),(94,'project','hospitality/IM4_UMASAN_BEDROOM_VILLA.jpg','hospitality/IM4_UMASAN_BEDROOM_VILLA.jpg','2023-05-15 02:58:11','2023-05-15 02:58:11'),(95,'project','hospitality/IM5_UMASAN_BEDROOM_VILLA.jpg','hospitality/IM5_UMASAN_BEDROOM_VILLA.jpg','2023-05-15 02:58:11','2023-05-15 02:58:11'),(96,'project','hospitality/IM6_UMASAN_BEDROOM_VILLA.jpg','hospitality/IM6_UMASAN_BEDROOM_VILLA.jpg','2023-05-15 02:58:11','2023-05-15 02:58:11'),(97,'project','hospitality/IM7_UMASAN_BEDROOM_VILLA.jpg','hospitality/IM7_UMASAN_BEDROOM_VILLA.jpg','2023-05-15 02:58:11','2023-05-15 02:58:11'),(98,'project','public-space/public_space1.jpeg','public-space/public_space1.jpeg','2023-05-15 02:58:11','2023-05-15 02:58:11'),(99,'project','university/488_View010000.jpg','university/488_View010000.jpg','2023-05-15 02:58:11','2023-05-15 02:58:11'),(100,'project','university/488_View050000.jpg','university/488_View050000.jpg','2023-05-15 02:58:11','2023-05-15 02:58:11'),(101,'project','university/Communal04.jpg','university/Communal04.jpg','2023-05-15 02:58:11','2023-05-15 02:58:11'),(102,'project','university/DigiLib02.png','university/DigiLib02.png','2023-05-15 02:58:11','2023-05-15 02:58:11'),(103,'project','university/IM2-LECTURE HALL-PANEL-UM.jpg','university/IM2-LECTURE HALL-PANEL-UM.jpg','2023-05-15 02:58:11','2023-05-15 02:58:11'),(104,'project','university/IM4-LAB BAHASA MANDARIN-UM.jpg','university/IM4-LAB BAHASA MANDARIN-UM.jpg','2023-05-15 02:58:11','2023-05-15 02:58:11'),(105,'project','university/IM10-LAB BAHASA INDONESIA-UM.jpg','university/IM10-LAB BAHASA INDONESIA-UM.jpg','2023-05-15 02:58:11','2023-05-15 02:58:11'),(106,'project','university/MULTIMEDIA CLASS RV1.jpg','university/MULTIMEDIA CLASS RV1.jpg','2023-05-15 02:58:11','2023-05-15 02:58:11'),(107,'project','university/PerpusDigital01Update.effectsResult.png','university/PerpusDigital01Update.effectsResult.png','2023-05-15 02:58:11','2023-05-15 02:58:11'),(108,'project','university/PerpusDigital02Update.effectsResult.png','university/PerpusDigital02Update.effectsResult.png','2023-05-15 02:58:11','2023-05-15 02:58:11'),(109,'project','university/R KepalaUnit02.png','university/R KepalaUnit02.png','2023-05-15 02:58:11','2023-05-15 02:58:11'),(110,'project','university/Ruang Dosen v2.jpg','university/Ruang Dosen v2.jpg','2023-05-15 02:58:11','2023-05-15 02:58:11'),(111,'project','university/RUANG KELAS RV1.jpg','university/RUANG KELAS RV1.jpg','2023-05-15 02:58:11','2023-05-15 02:58:11'),(112,'project','university/V4.jpg','university/V4.jpg','2023-05-15 02:58:11','2023-05-15 02:58:11'),(113,'product','ARCWOOD/11 staff desk.jpg','ARCWOOD/11 staff desk.jpg','2023-05-15 02:58:11','2023-05-15 02:58:11'),(114,'product','ARCWOOD/12 staff desk.jpg','ARCWOOD/12 staff desk.jpg','2023-05-15 02:58:11','2023-05-15 02:58:11'),(115,'product','LEGANO/11 modern minimalist table.jpg','LEGANO/11 modern minimalist table.jpg','2023-05-15 02:58:11','2023-05-15 02:58:11'),(116,'product','LEGANO/12 executive desk.jpg','LEGANO/12 executive desk.jpg','2023-05-15 02:58:11','2023-05-15 02:58:11'),(117,'product','TALISMA/11 preschool teacher\'s desk.jpg','TALISMA/11 preschool teacher\'s desk.jpg','2023-05-15 02:58:11','2023-05-15 02:58:11'),(118,'product','TALISMA/12 preschool desk set.jpg','TALISMA/12 preschool desk set.jpg','2023-05-15 02:58:11','2023-05-15 02:58:11'),(119,'product','LEGANO/13 modern minimalist sofa.jpg','LEGANO/13 modern minimalist sofa.jpg','2023-05-15 02:58:11','2023-05-15 02:58:11'),(120,'product','LEGANO/14 leather sofa.jpg','LEGANO/14 leather sofa.jpg','2023-05-15 02:58:11','2023-05-15 02:58:11'),(121,'product','LEGANO/14 Sofa 3 Seater.jpg','LEGANO/14 Sofa 3 Seater.jpg','2023-05-15 02:58:11','2023-05-15 02:58:11'),(122,'product','LEGANO/15 Sofa 3 Seater.jpg','LEGANO/15 Sofa 3 Seater.jpg','2023-05-15 02:58:11','2023-05-15 02:58:11'),(123,'product','LEGANO/16 leather sofa.jpg','LEGANO/16 leather sofa.jpg','2023-05-15 02:58:11','2023-05-15 02:58:11'),(124,'product','LEGANO/17 Sofa 3 Seater.jpg','LEGANO/17 Sofa 3 Seater.jpg','2023-05-15 02:58:11','2023-05-15 02:58:11'),(125,'product','LEGANO/18 executive desk.jpg','LEGANO/18 executive desk.jpg','2023-05-15 02:58:11','2023-05-15 02:58:11'),(126,'product','LEGANO/19 credenza minimalis modern bufet.jpg','LEGANO/19 credenza minimalis modern bufet.jpg','2023-05-15 02:58:11','2023-05-15 02:58:11'),(127,'product','LEGANO/20 executive desk.jpg','LEGANO/20 executive desk.jpg','2023-05-15 02:58:11','2023-05-15 02:58:11'),(128,'product','LEGANO/21 meeting table.jpg','LEGANO/21 meeting table.jpg','2023-05-15 02:58:11','2023-05-15 02:58:11'),(129,'product','LEGANO/22 minimalist table.jpg','LEGANO/22 minimalist table.jpg','2023-05-15 02:58:11','2023-05-15 02:58:11'),(130,'product','LEGANO/23 Minimalist Wardrobe.jpg','LEGANO/23 Minimalist Wardrobe.jpg','2023-05-15 02:58:11','2023-05-15 02:58:11'),(131,'product','ARCWOOD/13 office chair.jpg','ARCWOOD/13 office chair.jpg','2023-05-15 02:58:11','2023-05-15 02:58:11'),(132,'product','ARCWOOD/14 office chair.jpg','ARCWOOD/14 office chair.jpg','2023-05-15 02:58:11','2023-05-15 02:58:11'),(133,'product','ARCWOOD/15 office chair.jpg','ARCWOOD/15 office chair.jpg','2023-05-15 02:58:11','2023-05-15 02:58:11'),(134,'product','ARCWOOD/16 office chair.jpg','ARCWOOD/16 office chair.jpg','2023-05-15 02:58:11','2023-05-15 02:58:11'),(135,'product','ARCWOOD/17 office chair.jpg','ARCWOOD/17 office chair.jpg','2023-05-15 02:58:11','2023-05-15 02:58:11'),(136,'product','ARCWOOD/18 staff desk.jpg','ARCWOOD/18 staff desk.jpg','2023-05-15 02:58:11','2023-05-15 02:58:11'),(137,'product','ARCWOOD/19 staff desk.jpg','ARCWOOD/19 staff desk.jpg','2023-05-15 02:58:11','2023-05-15 02:58:11'),(138,'product','ARCWOOD/20 staff desk 2 Seater.jpg','ARCWOOD/20 staff desk 2 Seater.jpg','2023-05-15 02:58:11','2023-05-15 02:58:11'),(139,'product','ARCWOOD/21 staff desk 2 Seater.jpg','ARCWOOD/21 staff desk 2 Seater.jpg','2023-05-15 02:58:11','2023-05-15 02:58:11'),(140,'product','TALISMA/13 teacher chair.jpg','TALISMA/13 teacher chair.jpg','2023-05-15 02:58:11','2023-05-15 02:58:11'),(141,'product','TALISMA/14 teacher chair.jpg','TALISMA/14 teacher chair.jpg','2023-05-15 02:58:11','2023-05-15 02:58:11'),(142,'product','TALISMA/19  practice chair.jpg','TALISMA/19  practice chair.jpg','2023-05-15 02:58:11','2023-05-15 02:58:11'),(143,'product','TALISMA/17  practice desk.jpg','TALISMA/17  practice desk.jpg','2023-05-15 02:58:11','2023-05-15 02:58:11'),(144,'product','TALISMA/16 computer desk.jpg','TALISMA/16 computer desk.jpg','2023-05-15 02:58:11','2023-05-15 02:58:11'),(145,'product','TALISMA/18 practice cabinet.jpg','TALISMA/18 practice cabinet.jpg','2023-05-15 02:58:11','2023-05-15 02:58:11'),(146,'product','TALISMA/15 preschool cabinet.jpg','TALISMA/15 preschool cabinet.jpg','2023-05-15 02:58:11','2023-05-15 02:58:11'),(147,'product','DJT/11 AIR BAG SIMULATOR TRAINER.jpg','DJT/11 AIR BAG SIMULATOR TRAINER.jpg','2023-05-15 02:58:11','2023-05-15 02:58:11'),(148,'product','DJT/12 AT Motorcycle Based.jpg','DJT/12 AT Motorcycle Based.jpg','2023-05-15 02:58:11','2023-05-15 02:58:11'),(149,'product','DJT/13 charging.jpg','DJT/13 charging.jpg','2023-05-15 02:58:11','2023-05-15 02:58:11'),(150,'product','DJT/14 Direct Cool Refrigerator.jpg','DJT/14 Direct Cool Refrigerator.jpg','2023-05-15 02:58:11','2023-05-15 02:58:11'),(151,'product','DJT/15 Electricity Fundamental Training System.jpg','DJT/15 Electricity Fundamental Training System.jpg','2023-05-15 02:58:11','2023-05-15 02:58:11'),(152,'product','DJT/16 Electronic Auto Transmission Gear Simmulator.jpg','DJT/16 Electronic Auto Transmission Gear Simmulator.jpg','2023-05-15 02:58:11','2023-05-15 02:58:11'),(153,'product','DJT/17 Motronic System Simulator.jpg','DJT/17 Motronic System Simulator.jpg','2023-05-15 02:58:11','2023-05-15 02:58:11'),(154,'product','DJT/18 Renewable Energy SMART GRID.jpg','DJT/18 Renewable Energy SMART GRID.jpg','2023-05-15 02:58:11','2023-05-15 02:58:11'),(155,'product','DJT/19 Servo motor training.jpg','DJT/19 Servo motor training.jpg','2023-05-15 02:58:11','2023-05-15 02:58:11'),(156,'product','DJT/20 triner with 8 type.jpg','DJT/20 triner with 8 type.jpg','2023-05-15 02:58:11','2023-05-15 02:58:11'),(157,'product','VASIKI/11 Dry Coffee Bean Peeling Machine.jpg','VASIKI/11 Dry Coffee Bean Peeling Machine.jpg','2023-05-15 02:58:11','2023-05-15 02:58:11'),(158,'product','VASIKI/12 Milling Machines.jpg','VASIKI/12 Milling Machines.jpg','2023-05-15 02:58:11','2023-05-15 02:58:11'),(159,'product','VASIKI/13 Seaweed Washing Machine.jpg','VASIKI/13 Seaweed Washing Machine.jpg','2023-05-15 02:58:11','2023-05-15 02:58:11'),(160,'product','VASIKI/14 Wet Coffee Bean Peeling Machines.jpg','VASIKI/14 Wet Coffee Bean Peeling Machines.jpg','2023-05-15 02:58:11','2023-05-15 02:58:11'),(161,'product','VASIKI/15 Fish Bone Separation Machines.jpg','VASIKI/15 Fish Bone Separation Machines.jpg','2023-05-15 02:58:11','2023-05-15 02:58:11'),(162,'product','VASIKI/17 Single-Pass Rice Milling Machines.jpg','VASIKI/17 Single-Pass Rice Milling Machines.jpg','2023-05-15 02:58:11','2023-05-15 02:58:11'),(163,'product','VASIKI/18 Mini Combine Harvester.jpg','VASIKI/18 Mini Combine Harvester.jpg','2023-05-15 02:58:11','2023-05-15 02:58:11'),(164,'product','HOND/11 AIR COMPRESSOR.jpg','HOND/11 AIR COMPRESSOR.jpg','2023-05-15 02:58:11','2023-05-15 02:58:11'),(165,'product','HOND/12 AUTOMATIC HOSE REEL SET.jpg','HOND/12 AUTOMATIC HOSE REEL SET.jpg','2023-05-15 02:58:11','2023-05-15 02:58:11'),(166,'product','HOND/13 AUTOMATIC WELDING MASK(INDUSTRIAL).jpg','HOND/13 AUTOMATIC WELDING MASK(INDUSTRIAL).jpg','2023-05-15 02:58:11','2023-05-15 02:58:11'),(167,'product','HOND/14 BLOWER(INDUSTRIAL).jpg','HOND/14 BLOWER(INDUSTRIAL).jpg','2023-05-15 02:58:11','2023-05-15 02:58:11'),(168,'product','HOND/15 CIRCULAR SAW.jpg','HOND/15 CIRCULAR SAW.jpg','2023-05-15 02:58:11','2023-05-15 02:58:11'),(169,'product','HOND/16 COMBINATION SPANNERS SET.jpg','HOND/16 COMBINATION SPANNERS SET.jpg','2023-05-15 02:58:11','2023-05-15 02:58:11'),(170,'product','HOND/17 CUT-OFF SAW.jpg','HOND/17 CUT-OFF SAW.jpg','2023-05-15 02:58:11','2023-05-15 02:58:11'),(171,'product','HOND/18 DRAWER ROLLER CABINET(INDUTSTRIAL).jpg','HOND/18 DRAWER ROLLER CABINET(INDUTSTRIAL).jpg','2023-05-15 02:58:11','2023-05-15 02:58:11'),(172,'product','HOND/19 HOSE CONNECTOR SET-2.jpg','HOND/19 HOSE CONNECTOR SET-2.jpg','2023-05-15 02:58:11','2023-05-15 02:58:11'),(173,'product','HOND/20 LASER DISTANCE METER (INDUSTRIAL).jpg','HOND/20 LASER DISTANCE METER (INDUSTRIAL).jpg','2023-05-15 02:58:11','2023-05-15 02:58:11'),(174,'product','HOND/21 LI-ION CORDLESS DRILL(INDUSTRIAL)-1.jpg','HOND/21 LI-ION CORDLESS DRILL(INDUSTRIAL)-1.jpg','2023-05-15 02:58:11','2023-05-15 02:58:11'),(175,'product','HOND/22 PIPE THREADING SET.jpg','HOND/22 PIPE THREADING SET.jpg','2023-05-15 02:58:11','2023-05-15 02:58:11'),(176,'product','NOUTEK/11 Button Attaching Machine Set with Table.jpg','NOUTEK/11 Button Attaching Machine Set with Table.jpg','2023-05-15 02:58:11','2023-05-15 02:58:11'),(177,'product','NOUTEK/12 Buttonhole Machine with Table.jpg','NOUTEK/12 Buttonhole Machine with Table.jpg','2023-05-15 02:58:11','2023-05-15 02:58:11'),(178,'product','NOUTEK/13 Embroidery Machine Set with Table.jpg','NOUTEK/13 Embroidery Machine Set with Table.jpg','2023-05-15 02:58:11','2023-05-15 02:58:11'),(179,'product','NOUTEK/14 High-Speed Overlock Machine Set with Table.jpg','NOUTEK/14 High-Speed Overlock Machine Set with Table.jpg','2023-05-15 02:58:11','2023-05-15 02:58:11'),(180,'product','NOUTEK/15 High-Speed Sewing Machine Set with Table.jpg','NOUTEK/15 High-Speed Sewing Machine Set with Table.jpg','2023-05-15 02:58:11','2023-05-15 02:58:11'),(181,'product','NOUTEK/16 Kelim Machine Set with Table.png.jpg','NOUTEK/16 Kelim Machine Set with Table.png.jpg','2023-05-15 02:58:11','2023-05-15 02:58:11'),(182,'product','NOUTEK/17 Low Speed Overlock Machine Set with Table.jpg','NOUTEK/17 Low Speed Overlock Machine Set with Table.jpg','2023-05-15 02:58:11','2023-05-15 02:58:11'),(183,'product','NOUTEK/18 Low-Speed Sewing Machine Set with Table.jpg','NOUTEK/18 Low-Speed Sewing Machine Set with Table.jpg','2023-05-15 02:58:11','2023-05-15 02:58:11'),(184,'product','NOUTEK/19 Manual Embroidery Machine Set with Table.jpg','NOUTEK/19 Manual Embroidery Machine Set with Table.jpg','2023-05-15 02:58:11','2023-05-15 02:58:11');
/*!40000 ALTER TABLE `media` ENABLE KEYS */;
UNLOCK TABLES;

--
-- Table structure for table `product`
--

DROP TABLE IF EXISTS `product`;
/*!40101 SET @saved_cs_client     = @@character_set_client */;
/*!40101 SET character_set_client = utf8 */;
CREATE TABLE `product` (
  `id` bigint(20) unsigned NOT NULL AUTO_INCREMENT,
  `id_category` int(10) unsigned NOT NULL,
  `name` varchar(100) DEFAULT NULL,
  `description` text,
  `slug` varchar(250) DEFAULT NULL,
  `created_at` timestamp NULL DEFAULT NULL,
  `updated_at` timestamp NULL DEFAULT NULL,
  `subtitle` varchar(100) DEFAULT NULL,
  `sort` int(11) DEFAULT NULL,
  PRIMARY KEY (`id`)
) ENGINE=InnoDB AUTO_INCREMENT=148 DEFAULT CHARSET=utf8;
/*!40101 SET character_set_client = @saved_cs_client */;

--
-- Dumping data for table `product`
--

LOCK TABLES `product` WRITE;
/*!40000 ALTER TABLE `product` DISABLE KEYS */;
INSERT INTO `product` VALUES (1,1,'Lorem Dorem','Lorem ipsum dolor sit amet, consectetur adipiscing elit, sed do eiusmod tempor incididunt ut labore et dolore magna aliqua. Ut enim ad minim veniam, quis nostrud exercitation ullamco laboris nisi ut aliquip ex ea commodo consequat.',NULL,'2023-05-15 02:58:11','2023-05-15 02:58:11','sub title',NULL),(2,1,'Lorem Dorem','Lorem ipsum dolor sit amet, consectetur adipiscing elit, sed do eiusmod tempor incididunt ut labore et dolore magna aliqua. Ut enim ad minim veniam, quis nostrud exercitation ullamco laboris nisi ut aliquip ex ea commodo consequat.',NULL,'2023-05-15 02:58:11','2023-05-15 02:58:11','sub title',NULL),(3,1,'Lorem Dorem','Lorem ipsum dolor sit amet, consectetur adipiscing elit, sed do eiusmod tempor incididunt ut labore et dolore magna aliqua. Ut enim ad minim veniam, quis nostrud exercitation ullamco laboris nisi ut aliquip ex ea commodo consequat.',NULL,'2023-05-15 02:58:11','2023-05-15 02:58:11','sub title',NULL),(4,1,'Lorem Dorem','Lorem ipsum dolor sit amet, consectetur adipiscing elit, sed do eiusmod tempor incididunt ut labore et dolore magna aliqua. Ut enim ad minim veniam, quis nostrud exercitation ullamco laboris nisi ut aliquip ex ea commodo consequat.',NULL,'2023-05-15 02:58:11','2023-05-15 02:58:11','sub title',NULL),(5,1,'Lorem Dorem','Lorem ipsum dolor sit amet, consectetur adipiscing elit, sed do eiusmod tempor incididunt ut labore et dolore magna aliqua. Ut enim ad minim veniam, quis nostrud exercitation ullamco laboris nisi ut aliquip ex ea commodo consequat.',NULL,'2023-05-15 02:58:11','2023-05-15 02:58:11','sub title',NULL),(6,2,'Office Chair','Lorem ipsum dolor sit amet, consectetur adipiscing elit, sed do eiusmod tempor incididunt ut labore et dolore magna aliqua. Ut enim ad minim veniam, quis nostrud exercitation ullamco laboris nisi ut aliquip ex ea commodo consequat.',NULL,'2023-05-15 02:58:11','2023-05-15 02:58:11','sub title',1),(7,2,'Office Chair','Lorem ipsum dolor sit amet, consectetur adipiscing elit, sed do eiusmod tempor incididunt ut labore et dolore magna aliqua. Ut enim ad minim veniam, quis nostrud exercitation ullamco laboris nisi ut aliquip ex ea commodo consequat.',NULL,'2023-05-15 02:58:11','2023-05-15 02:58:11','sub title',2),(8,2,'Office Chair','Lorem ipsum dolor sit amet, consectetur adipiscing elit, sed do eiusmod tempor incididunt ut labore et dolore magna aliqua. Ut enim ad minim veniam, quis nostrud exercitation ullamco laboris nisi ut aliquip ex ea commodo consequat.',NULL,'2023-05-15 02:58:11','2023-05-15 02:58:11','sub title',3),(9,2,'Office Chair','Lorem ipsum dolor sit amet, consectetur adipiscing elit, sed do eiusmod tempor incididunt ut labore et dolore magna aliqua. Ut enim ad minim veniam, quis nostrud exercitation ullamco laboris nisi ut aliquip ex ea commodo consequat.',NULL,'2023-05-15 02:58:11','2023-05-15 02:58:11','sub title',4),(10,2,'Office Chair','Lorem ipsum dolor sit amet, consectetur adipiscing elit, sed do eiusmod tempor incididunt ut labore et dolore magna aliqua. Ut enim ad minim veniam, quis nostrud exercitation ullamco laboris nisi ut aliquip ex ea commodo consequat.',NULL,'2023-05-15 02:58:11','2023-05-15 02:58:11','sub title',5),(11,2,'Office Chair','Lorem ipsum dolor sit amet, consectetur adipiscing elit, sed do eiusmod tempor incididunt ut labore et dolore magna aliqua. Ut enim ad minim veniam, quis nostrud exercitation ullamco laboris nisi ut aliquip ex ea commodo consequat.',NULL,'2023-05-15 02:58:11','2023-05-15 02:58:11','sub title',6),(12,2,'Office Chair','Lorem ipsum dolor sit amet, consectetur adipiscing elit, sed do eiusmod tempor incididunt ut labore et dolore magna aliqua. Ut enim ad minim veniam, quis nostrud exercitation ullamco laboris nisi ut aliquip ex ea commodo consequat.',NULL,'2023-05-15 02:58:11','2023-05-15 02:58:11','sub title',7),(13,2,'Executive Desk','Lorem ipsum dolor sit amet, consectetur adipiscing elit, sed do eiusmod tempor incididunt ut labore et dolore magna aliqua. Ut enim ad minim veniam, quis nostrud exercitation ullamco laboris nisi ut aliquip ex ea commodo consequat.',NULL,'2023-05-15 02:58:11','2023-05-15 02:58:11','sub title',13),(14,2,'Executive Desk','Lorem ipsum dolor sit amet, consectetur adipiscing elit, sed do eiusmod tempor incididunt ut labore et dolore magna aliqua. Ut enim ad minim veniam, quis nostrud exercitation ullamco laboris nisi ut aliquip ex ea commodo consequat.',NULL,'2023-05-15 02:58:11','2023-05-15 02:58:11','sub title',14),(15,2,'Executive Desk','Lorem ipsum dolor sit amet, consectetur adipiscing elit, sed do eiusmod tempor incididunt ut labore et dolore magna aliqua. Ut enim ad minim veniam, quis nostrud exercitation ullamco laboris nisi ut aliquip ex ea commodo consequat.',NULL,'2023-05-15 02:58:11','2023-05-15 02:58:11','sub title',15),(16,3,'Electrical Installation In Refrigeration System ','Lorem ipsum dolor sit amet, consectetur adipiscing elit, sed do eiusmod tempor incididunt ut labore et dolore magna aliqua. Ut enim ad minim veniam, quis nostrud exercitation ullamco laboris nisi ut aliquip ex ea commodo consequat.',NULL,'2023-05-15 02:58:11','2023-05-15 02:58:11','sub title',1),(17,3,'Air Conditioner Trainning System','Lorem ipsum dolor sit amet, consectetur adipiscing elit, sed do eiusmod tempor incididunt ut labore et dolore magna aliqua. Ut enim ad minim veniam, quis nostrud exercitation ullamco laboris nisi ut aliquip ex ea commodo consequat.',NULL,'2023-05-15 02:58:11','2023-05-15 02:58:11','sub title',2),(18,3,'Car Air Conditioner Trainer','Lorem ipsum dolor sit amet, consectetur adipiscing elit, sed do eiusmod tempor incididunt ut labore et dolore magna aliqua. Ut enim ad minim veniam, quis nostrud exercitation ullamco laboris nisi ut aliquip ex ea commodo consequat.',NULL,'2023-05-15 02:58:11','2023-05-15 02:58:11','sub title',3),(19,3,'Petrol Engine Stand (Life Engine)','Lorem ipsum dolor sit amet, consectetur adipiscing elit, sed do eiusmod tempor incididunt ut labore et dolore magna aliqua. Ut enim ad minim veniam, quis nostrud exercitation ullamco laboris nisi ut aliquip ex ea commodo consequat.',NULL,'2023-05-15 02:58:11','2023-05-15 02:58:11','sub title',4),(20,3,'ABS Simulator With Fault Diagnosis With 4 Axis','Lorem ipsum dolor sit amet, consectetur adipiscing elit, sed do eiusmod tempor incididunt ut labore et dolore magna aliqua. Ut enim ad minim veniam, quis nostrud exercitation ullamco laboris nisi ut aliquip ex ea commodo consequat.',NULL,'2023-05-15 02:58:11','2023-05-15 02:58:11','sub title',5),(21,3,'Engine Structure Trainning Equipment Fuel Injection Type','Lorem ipsum dolor sit amet, consectetur adipiscing elit, sed do eiusmod tempor incididunt ut labore et dolore magna aliqua. Ut enim ad minim veniam, quis nostrud exercitation ullamco laboris nisi ut aliquip ex ea commodo consequat.',NULL,'2023-05-15 02:58:11','2023-05-15 02:58:11','sub title',6),(22,3,'CET Sport Motorcycle','Lorem ipsum dolor sit amet, consectetur adipiscing elit, sed do eiusmod tempor incididunt ut labore et dolore magna aliqua. Ut enim ad minim veniam, quis nostrud exercitation ullamco laboris nisi ut aliquip ex ea commodo consequat.',NULL,'2023-05-15 02:58:11','2023-05-15 02:58:11','sub title',7),(23,3,'AT Motorcycle Based PGM-FI CET','Lorem ipsum dolor sit amet, consectetur adipiscing elit, sed do eiusmod tempor incididunt ut labore et dolore magna aliqua. Ut enim ad minim veniam, quis nostrud exercitation ullamco laboris nisi ut aliquip ex ea commodo consequat.',NULL,'2023-05-15 02:58:11','2023-05-15 02:58:11','sub title',8),(24,3,'General Cycle Refrigerator Trainer','Lorem ipsum dolor sit amet, consectetur adipiscing elit, sed do eiusmod tempor incididunt ut labore et dolore magna aliqua. Ut enim ad minim veniam, quis nostrud exercitation ullamco laboris nisi ut aliquip ex ea commodo consequat.',NULL,'2023-05-15 02:58:11','2023-05-15 02:58:11','sub title',9),(25,3,'Iot Based PV Charging Station','Lorem ipsum dolor sit amet, consectetur adipiscing elit, sed do eiusmod tempor incididunt ut labore et dolore magna aliqua. Ut enim ad minim veniam, quis nostrud exercitation ullamco laboris nisi ut aliquip ex ea commodo consequat.',NULL,'2023-05-15 02:58:11','2023-05-15 02:58:11','sub title',10),(26,4,'Tool Set','Lorem ipsum dolor sit amet, consectetur adipiscing elit, sed do eiusmod tempor incididunt ut labore et dolore magna aliqua. Ut enim ad minim veniam, quis nostrud exercitation ullamco laboris nisi ut aliquip ex ea commodo consequat.',NULL,'2023-05-15 02:58:11','2023-05-15 02:58:11','sub title',NULL),(27,4,'Air Compressor','Lorem ipsum dolor sit amet, consectetur adipiscing elit, sed do eiusmod tempor incididunt ut labore et dolore magna aliqua. Ut enim ad minim veniam, quis nostrud exercitation ullamco laboris nisi ut aliquip ex ea commodo consequat.',NULL,'2023-05-15 02:58:11','2023-05-15 02:58:11','sub title',NULL),(28,4,'Welding Machine','Lorem ipsum dolor sit amet, consectetur adipiscing elit, sed do eiusmod tempor incididunt ut labore et dolore magna aliqua. Ut enim ad minim veniam, quis nostrud exercitation ullamco laboris nisi ut aliquip ex ea commodo consequat.',NULL,'2023-05-15 02:58:11','2023-05-15 02:58:11','sub title',NULL),(29,4,'Cut Off Saw','Lorem ipsum dolor sit amet, consectetur adipiscing elit, sed do eiusmod tempor incididunt ut labore et dolore magna aliqua. Ut enim ad minim veniam, quis nostrud exercitation ullamco laboris nisi ut aliquip ex ea commodo consequat.',NULL,'2023-05-15 02:58:11','2023-05-15 02:58:11','sub title',NULL),(30,4,'Socket Set','Lorem ipsum dolor sit amet, consectetur adipiscing elit, sed do eiusmod tempor incididunt ut labore et dolore magna aliqua. Ut enim ad minim veniam, quis nostrud exercitation ullamco laboris nisi ut aliquip ex ea commodo consequat.',NULL,'2023-05-15 02:58:11','2023-05-15 02:58:11','sub title',NULL),(31,4,'Hammer Drill','Lorem ipsum dolor sit amet, consectetur adipiscing elit, sed do eiusmod tempor incididunt ut labore et dolore magna aliqua. Ut enim ad minim veniam, quis nostrud exercitation ullamco laboris nisi ut aliquip ex ea commodo consequat.',NULL,'2023-05-15 02:58:11','2023-05-15 02:58:11','sub title',NULL),(32,4,'Mechanical Tool Set','Lorem ipsum dolor sit amet, consectetur adipiscing elit, sed do eiusmod tempor incididunt ut labore et dolore magna aliqua. Ut enim ad minim veniam, quis nostrud exercitation ullamco laboris nisi ut aliquip ex ea commodo consequat.',NULL,'2023-05-15 02:58:11','2023-05-15 02:58:11','sub title',NULL),(33,4,'Hydraulic Trolley Jack','Lorem ipsum dolor sit amet, consectetur adipiscing elit, sed do eiusmod tempor incididunt ut labore et dolore magna aliqua. Ut enim ad minim veniam, quis nostrud exercitation ullamco laboris nisi ut aliquip ex ea commodo consequat.',NULL,'2023-05-15 02:58:11','2023-05-15 02:58:11','sub title',NULL),(34,4,'Jig Saw','Lorem ipsum dolor sit amet, consectetur adipiscing elit, sed do eiusmod tempor incididunt ut labore et dolore magna aliqua. Ut enim ad minim veniam, quis nostrud exercitation ullamco laboris nisi ut aliquip ex ea commodo consequat.',NULL,'2023-05-15 02:58:11','2023-05-15 02:58:11','sub title',NULL),(35,4,'Ratchet Handle','Lorem ipsum dolor sit amet, consectetur adipiscing elit, sed do eiusmod tempor incididunt ut labore et dolore magna aliqua. Ut enim ad minim veniam, quis nostrud exercitation ullamco laboris nisi ut aliquip ex ea commodo consequat.',NULL,'2023-05-15 02:58:11','2023-05-15 02:58:11','sub title',NULL),(36,5,'Modern Minimalist Sofa','Lorem ipsum dolor sit amet, consectetur adipiscing elit, sed do eiusmod tempor incididunt ut labore et dolore magna aliqua. Ut enim ad minim veniam, quis nostrud exercitation ullamco laboris nisi ut aliquip ex ea commodo consequat.',NULL,'2023-05-15 02:58:11','2023-05-15 02:58:11','sub title',1),(37,5,'Modern Minimalist Sofa','Lorem ipsum dolor sit amet, consectetur adipiscing elit, sed do eiusmod tempor incididunt ut labore et dolore magna aliqua. Ut enim ad minim veniam, quis nostrud exercitation ullamco laboris nisi ut aliquip ex ea commodo consequat.',NULL,'2023-05-15 02:58:11','2023-05-15 02:58:11','sub title',4),(38,5,'Modern Minimalist Sofa','Lorem ipsum dolor sit amet, consectetur adipiscing elit, sed do eiusmod tempor incididunt ut labore et dolore magna aliqua. Ut enim ad minim veniam, quis nostrud exercitation ullamco laboris nisi ut aliquip ex ea commodo consequat.',NULL,'2023-05-15 02:58:11','2023-05-15 02:58:11','sub title',5),(39,5,'Modern Minimalist Sofa','Lorem ipsum dolor sit amet, consectetur adipiscing elit, sed do eiusmod tempor incididunt ut labore et dolore magna aliqua. Ut enim ad minim veniam, quis nostrud exercitation ullamco laboris nisi ut aliquip ex ea commodo consequat.',NULL,'2023-05-15 02:58:11','2023-05-15 02:58:11','sub title',2),(40,5,'Leather Sofa','Lorem ipsum dolor sit amet, consectetur adipiscing elit, sed do eiusmod tempor incididunt ut labore et dolore magna aliqua. Ut enim ad minim veniam, quis nostrud exercitation ullamco laboris nisi ut aliquip ex ea commodo consequat.',NULL,'2023-05-15 02:58:11','2023-05-15 02:58:11','sub title',6),(41,5,'Leather Sofa','Lorem ipsum dolor sit amet, consectetur adipiscing elit, sed do eiusmod tempor incididunt ut labore et dolore magna aliqua. Ut enim ad minim veniam, quis nostrud exercitation ullamco laboris nisi ut aliquip ex ea commodo consequat.',NULL,'2023-05-15 02:58:11','2023-05-15 02:58:11','sub title',3),(42,5,'Modern Minimalist Table','Lorem ipsum dolor sit amet, consectetur adipiscing elit, sed do eiusmod tempor incididunt ut labore et dolore magna aliqua. Ut enim ad minim veniam, quis nostrud exercitation ullamco laboris nisi ut aliquip ex ea commodo consequat.',NULL,'2023-05-15 02:58:11','2023-05-15 02:58:11','sub title',7),(43,5,'Modern Minimalist Table','Lorem ipsum dolor sit amet, consectetur adipiscing elit, sed do eiusmod tempor incididunt ut labore et dolore magna aliqua. Ut enim ad minim veniam, quis nostrud exercitation ullamco laboris nisi ut aliquip ex ea commodo consequat.',NULL,'2023-05-15 02:58:11','2023-05-15 02:58:11','sub title',8),(44,5,'Modern Minimalist Table','Lorem ipsum dolor sit amet, consectetur adipiscing elit, sed do eiusmod tempor incididunt ut labore et dolore magna aliqua. Ut enim ad minim veniam, quis nostrud exercitation ullamco laboris nisi ut aliquip ex ea commodo consequat.',NULL,'2023-05-15 02:58:11','2023-05-15 02:58:11','sub title',9),(45,5,'Executive Desk','Lorem ipsum dolor sit amet, consectetur adipiscing elit, sed do eiusmod tempor incididunt ut labore et dolore magna aliqua. Ut enim ad minim veniam, quis nostrud exercitation ullamco laboris nisi ut aliquip ex ea commodo consequat.',NULL,'2023-05-15 02:58:11','2023-05-15 02:58:11','sub title',11),(46,6,'Manual Embroidery Machine','Lorem ipsum dolor sit amet, consectetur adipiscing elit, sed do eiusmod tempor incididunt ut labore et dolore magna aliqua. Ut enim ad minim veniam, quis nostrud exercitation ullamco laboris nisi ut aliquip ex ea commodo consequat.',NULL,'2023-05-15 02:58:11','2023-05-15 02:58:11','sub title',NULL),(47,6,'Embroidery Machine','Lorem ipsum dolor sit amet, consectetur adipiscing elit, sed do eiusmod tempor incididunt ut labore et dolore magna aliqua. Ut enim ad minim veniam, quis nostrud exercitation ullamco laboris nisi ut aliquip ex ea commodo consequat.',NULL,'2023-05-15 02:58:11','2023-05-15 02:58:11','sub title',NULL),(48,6,'High-Speed Sewing Machine','Lorem ipsum dolor sit amet, consectetur adipiscing elit, sed do eiusmod tempor incididunt ut labore et dolore magna aliqua. Ut enim ad minim veniam, quis nostrud exercitation ullamco laboris nisi ut aliquip ex ea commodo consequat.',NULL,'2023-05-15 02:58:11','2023-05-15 02:58:11','sub title',NULL),(49,6,'Computerized Embroidery Machine','Lorem ipsum dolor sit amet, consectetur adipiscing elit, sed do eiusmod tempor incididunt ut labore et dolore magna aliqua. Ut enim ad minim veniam, quis nostrud exercitation ullamco laboris nisi ut aliquip ex ea commodo consequat.',NULL,'2023-05-15 02:58:11','2023-05-15 02:58:11','sub title',NULL),(50,6,'Low-Speed Overlock Sewing Machine','Lorem ipsum dolor sit amet, consectetur adipiscing elit, sed do eiusmod tempor incididunt ut labore et dolore magna aliqua. Ut enim ad minim veniam, quis nostrud exercitation ullamco laboris nisi ut aliquip ex ea commodo consequat.',NULL,'2023-05-15 02:58:11','2023-05-15 02:58:11','sub title',NULL),(51,6,'Button Attaching Machine','Lorem ipsum dolor sit amet, consectetur adipiscing elit, sed do eiusmod tempor incididunt ut labore et dolore magna aliqua. Ut enim ad minim veniam, quis nostrud exercitation ullamco laboris nisi ut aliquip ex ea commodo consequat.',NULL,'2023-05-15 02:58:11','2023-05-15 02:58:11','sub title',NULL),(52,6,'Low-Speed Sewing Machine','Lorem ipsum dolor sit amet, consectetur adipiscing elit, sed do eiusmod tempor incididunt ut labore et dolore magna aliqua. Ut enim ad minim veniam, quis nostrud exercitation ullamco laboris nisi ut aliquip ex ea commodo consequat.',NULL,'2023-05-15 02:58:11','2023-05-15 02:58:11','sub title',NULL),(53,6,'Weaving Machine','Lorem ipsum dolor sit amet, consectetur adipiscing elit, sed do eiusmod tempor incididunt ut labore et dolore magna aliqua. Ut enim ad minim veniam, quis nostrud exercitation ullamco laboris nisi ut aliquip ex ea commodo consequat.',NULL,'2023-05-15 02:58:11','2023-05-15 02:58:11','sub title',NULL),(54,6,'Buttonhole Machine','Lorem ipsum dolor sit amet, consectetur adipiscing elit, sed do eiusmod tempor incididunt ut labore et dolore magna aliqua. Ut enim ad minim veniam, quis nostrud exercitation ullamco laboris nisi ut aliquip ex ea commodo consequat.',NULL,'2023-05-15 02:58:11','2023-05-15 02:58:11','sub title',NULL),(55,6,'High-Speed Overlock Sewing Machine','Lorem ipsum dolor sit amet, consectetur adipiscing elit, sed do eiusmod tempor incididunt ut labore et dolore magna aliqua. Ut enim ad minim veniam, quis nostrud exercitation ullamco laboris nisi ut aliquip ex ea commodo consequat.',NULL,'2023-05-15 02:58:11','2023-05-15 02:58:11','sub title',NULL),(56,7,'Student Chair & Desk','Lorem ipsum dolor sit amet, consectetur adipiscing elit, sed do eiusmod tempor incididunt ut labore et dolore magna aliqua. Ut enim ad minim veniam, quis nostrud exercitation ullamco laboris nisi ut aliquip ex ea commodo consequat.',NULL,'2023-05-15 02:58:11','2023-05-15 02:58:11','sub title',1),(57,7,'Student Chair & Desk','Lorem ipsum dolor sit amet, consectetur adipiscing elit, sed do eiusmod tempor incididunt ut labore et dolore magna aliqua. Ut enim ad minim veniam, quis nostrud exercitation ullamco laboris nisi ut aliquip ex ea commodo consequat.',NULL,'2023-05-15 02:58:11','2023-05-15 02:58:11','sub title',2),(58,7,'Student Chair & Desk','Lorem ipsum dolor sit amet, consectetur adipiscing elit, sed do eiusmod tempor incididunt ut labore et dolore magna aliqua. Ut enim ad minim veniam, quis nostrud exercitation ullamco laboris nisi ut aliquip ex ea commodo consequat.',NULL,'2023-05-15 02:58:11','2023-05-15 02:58:11','sub title',3),(59,7,'Student Chair & Desk','Lorem ipsum dolor sit amet, consectetur adipiscing elit, sed do eiusmod tempor incididunt ut labore et dolore magna aliqua. Ut enim ad minim veniam, quis nostrud exercitation ullamco laboris nisi ut aliquip ex ea commodo consequat.',NULL,'2023-05-15 02:58:11','2023-05-15 02:58:11','sub title',4),(60,7,'Lecture Chair & Desk','Lorem ipsum dolor sit amet, consectetur adipiscing elit, sed do eiusmod tempor incididunt ut labore et dolore magna aliqua. Ut enim ad minim veniam, quis nostrud exercitation ullamco laboris nisi ut aliquip ex ea commodo consequat.',NULL,'2023-05-15 02:58:11','2023-05-15 02:58:11','sub title',8),(61,7,'Filing Cabinet','Lorem ipsum dolor sit amet, consectetur adipiscing elit, sed do eiusmod tempor incididunt ut labore et dolore magna aliqua. Ut enim ad minim veniam, quis nostrud exercitation ullamco laboris nisi ut aliquip ex ea commodo consequat.',NULL,'2023-05-15 02:58:11','2023-05-15 02:58:11','sub title',9),(62,7,'Locker Cabinet','Lorem ipsum dolor sit amet, consectetur adipiscing elit, sed do eiusmod tempor incididunt ut labore et dolore magna aliqua. Ut enim ad minim veniam, quis nostrud exercitation ullamco laboris nisi ut aliquip ex ea commodo consequat.',NULL,'2023-05-15 02:58:11','2023-05-15 02:58:11','sub title',10),(63,7,'Teacher Desk','Lorem ipsum dolor sit amet, consectetur adipiscing elit, sed do eiusmod tempor incididunt ut labore et dolore magna aliqua. Ut enim ad minim veniam, quis nostrud exercitation ullamco laboris nisi ut aliquip ex ea commodo consequat.',NULL,'2023-05-15 02:58:11','2023-05-15 02:58:11','sub title',15),(64,7,'Teacher Desk','Lorem ipsum dolor sit amet, consectetur adipiscing elit, sed do eiusmod tempor incididunt ut labore et dolore magna aliqua. Ut enim ad minim veniam, quis nostrud exercitation ullamco laboris nisi ut aliquip ex ea commodo consequat.',NULL,'2023-05-15 02:58:11','2023-05-15 02:58:11','sub title',13),(65,7,'Teacher Desk','Lorem ipsum dolor sit amet, consectetur adipiscing elit, sed do eiusmod tempor incididunt ut labore et dolore magna aliqua. Ut enim ad minim veniam, quis nostrud exercitation ullamco laboris nisi ut aliquip ex ea commodo consequat.',NULL,'2023-05-15 02:58:11','2023-05-15 02:58:11','sub title',14),(66,8,'Power Threser','Lorem ipsum dolor sit amet, consectetur adipiscing elit, sed do eiusmod tempor incididunt ut labore et dolore magna aliqua. Ut enim ad minim veniam, quis nostrud exercitation ullamco laboris nisi ut aliquip ex ea commodo consequat.',NULL,'2023-05-15 02:58:11','2023-05-15 02:58:11','sub title',NULL),(67,8,'Grain Sorting Machine For Rice, Corn And Soybeans ','Lorem ipsum dolor sit amet, consectetur adipiscing elit, sed do eiusmod tempor incididunt ut labore et dolore magna aliqua. Ut enim ad minim veniam, quis nostrud exercitation ullamco laboris nisi ut aliquip ex ea commodo consequat.',NULL,'2023-05-15 02:58:11','2023-05-15 02:58:11','sub title',NULL),(68,8,'Corn Sheller Machine','Lorem ipsum dolor sit amet, consectetur adipiscing elit, sed do eiusmod tempor incididunt ut labore et dolore magna aliqua. Ut enim ad minim veniam, quis nostrud exercitation ullamco laboris nisi ut aliquip ex ea commodo consequat.',NULL,'2023-05-15 02:58:11','2023-05-15 02:58:11','sub title',NULL),(69,8,'Tuber Slice','Lorem ipsum dolor sit amet, consectetur adipiscing elit, sed do eiusmod tempor incididunt ut labore et dolore magna aliqua. Ut enim ad minim veniam, quis nostrud exercitation ullamco laboris nisi ut aliquip ex ea commodo consequat.',NULL,'2023-05-15 02:58:11','2023-05-15 02:58:11','sub title',NULL),(70,8,'Grass Cutter','Lorem ipsum dolor sit amet, consectetur adipiscing elit, sed do eiusmod tempor incididunt ut labore et dolore magna aliqua. Ut enim ad minim veniam, quis nostrud exercitation ullamco laboris nisi ut aliquip ex ea commodo consequat.',NULL,'2023-05-15 02:58:11','2023-05-15 02:58:11','sub title',NULL),(71,8,'Grater Machine','Lorem ipsum dolor sit amet, consectetur adipiscing elit, sed do eiusmod tempor incididunt ut labore et dolore magna aliqua. Ut enim ad minim veniam, quis nostrud exercitation ullamco laboris nisi ut aliquip ex ea commodo consequat.',NULL,'2023-05-15 02:58:11','2023-05-15 02:58:11','sub title',NULL),(72,8,'Automatic Filling And Packing Machine','Lorem ipsum dolor sit amet, consectetur adipiscing elit, sed do eiusmod tempor incididunt ut labore et dolore magna aliqua. Ut enim ad minim veniam, quis nostrud exercitation ullamco laboris nisi ut aliquip ex ea commodo consequat.',NULL,'2023-05-15 02:58:11','2023-05-15 02:58:11','sub title',NULL),(73,8,'Continous Band Sealer','Lorem ipsum dolor sit amet, consectetur adipiscing elit, sed do eiusmod tempor incididunt ut labore et dolore magna aliqua. Ut enim ad minim veniam, quis nostrud exercitation ullamco laboris nisi ut aliquip ex ea commodo consequat.',NULL,'2023-05-15 02:58:11','2023-05-15 02:58:11','sub title',NULL),(74,8,'Corn Sheller','Lorem ipsum dolor sit amet, consectetur adipiscing elit, sed do eiusmod tempor incididunt ut labore et dolore magna aliqua. Ut enim ad minim veniam, quis nostrud exercitation ullamco laboris nisi ut aliquip ex ea commodo consequat.',NULL,'2023-05-15 02:58:11','2023-05-15 02:58:11','sub title',NULL),(75,8,'Packing Auto Weighing','Lorem ipsum dolor sit amet, consectetur adipiscing elit, sed do eiusmod tempor incididunt ut labore et dolore magna aliqua. Ut enim ad minim veniam, quis nostrud exercitation ullamco laboris nisi ut aliquip ex ea commodo consequat.',NULL,'2023-05-15 02:58:11','2023-05-15 02:58:11','sub title',NULL),(76,2,'Staff Desk','Lorem ipsum dolor sit amet, consectetur adipiscing elit, sed do eiusmod tempor incididunt ut labore et dolore magna aliqua. Ut enim ad minim veniam, quis nostrud exercitation ullamco laboris nisi ut aliquip ex ea commodo consequat.',NULL,'2023-05-15 02:58:11','2023-05-15 02:58:11','sub title',16),(77,2,'Staff Desk','Lorem ipsum dolor sit amet, consectetur adipiscing elit, sed do eiusmod tempor incididunt ut labore et dolore magna aliqua. Ut enim ad minim veniam, quis nostrud exercitation ullamco laboris nisi ut aliquip ex ea commodo consequat.',NULL,'2023-05-15 02:58:11','2023-05-15 02:58:11','sub title',17),(78,5,'Modern Minimalist Table','Lorem ipsum dolor sit amet, consectetur adipiscing elit, sed do eiusmod tempor incididunt ut labore et dolore magna aliqua. Ut enim ad minim veniam, quis nostrud exercitation ullamco laboris nisi ut aliquip ex ea commodo consequat.',NULL,'2023-05-15 02:58:11','2023-05-15 02:58:11','sub title',10),(79,5,'Executive Desk','Lorem ipsum dolor sit amet, consectetur adipiscing elit, sed do eiusmod tempor incididunt ut labore et dolore magna aliqua. Ut enim ad minim veniam, quis nostrud exercitation ullamco laboris nisi ut aliquip ex ea commodo consequat.',NULL,'2023-05-15 02:58:11','2023-05-15 02:58:11','sub title',12),(80,7,'Preschool Teacher\'s Desk','Lorem ipsum dolor sit amet, consectetur adipiscing elit, sed do eiusmod tempor incididunt ut labore et dolore magna aliqua. Ut enim ad minim veniam, quis nostrud exercitation ullamco laboris nisi ut aliquip ex ea commodo consequat.',NULL,'2023-05-15 02:58:11','2023-05-15 02:58:11','sub title',17),(81,7,'Preschool Desk Set','Lorem ipsum dolor sit amet, consectetur adipiscing elit, sed do eiusmod tempor incididunt ut labore et dolore magna aliqua. Ut enim ad minim veniam, quis nostrud exercitation ullamco laboris nisi ut aliquip ex ea commodo consequat.',NULL,'2023-05-15 02:58:11','2023-05-15 02:58:11','sub title',18),(82,5,'Modern Minimalist Sofa','Lorem ipsum dolor sit amet, consectetur adipiscing elit, sed do eiusmod tempor incididunt ut labore et dolore magna aliqua. Ut enim ad minim veniam, quis nostrud exercitation ullamco laboris nisi ut aliquip ex ea commodo consequat.',NULL,'2023-05-15 02:58:11','2023-05-15 02:58:11','sub title',2),(83,5,'Leather Sofa','Lorem ipsum dolor sit amet, consectetur adipiscing elit, sed do eiusmod tempor incididunt ut labore et dolore magna aliqua. Ut enim ad minim veniam, quis nostrud exercitation ullamco laboris nisi ut aliquip ex ea commodo consequat.',NULL,'2023-05-15 02:58:11','2023-05-15 02:58:11','sub title',3),(84,5,'Sofa 3 Seater','Lorem ipsum dolor sit amet, consectetur adipiscing elit, sed do eiusmod tempor incididunt ut labore et dolore magna aliqua. Ut enim ad minim veniam, quis nostrud exercitation ullamco laboris nisi ut aliquip ex ea commodo consequat.',NULL,'2023-05-15 02:58:11','2023-05-15 02:58:11','sub title',6),(85,5,'Sofa 3 Seater','Lorem ipsum dolor sit amet, consectetur adipiscing elit, sed do eiusmod tempor incididunt ut labore et dolore magna aliqua. Ut enim ad minim veniam, quis nostrud exercitation ullamco laboris nisi ut aliquip ex ea commodo consequat.',NULL,'2023-05-15 02:58:11','2023-05-15 02:58:11','sub title',6),(86,5,'Leather Sofa','Lorem ipsum dolor sit amet, consectetur adipiscing elit, sed do eiusmod tempor incididunt ut labore et dolore magna aliqua. Ut enim ad minim veniam, quis nostrud exercitation ullamco laboris nisi ut aliquip ex ea commodo consequat.',NULL,'2023-05-15 02:58:11','2023-05-15 02:58:11','sub title',3),(87,5,'Sofa 3 Seater','Lorem ipsum dolor sit amet, consectetur adipiscing elit, sed do eiusmod tempor incididunt ut labore et dolore magna aliqua. Ut enim ad minim veniam, quis nostrud exercitation ullamco laboris nisi ut aliquip ex ea commodo consequat.',NULL,'2023-05-15 02:58:11','2023-05-15 02:58:11','sub title',6),(88,5,'Executive Desk','Lorem ipsum dolor sit amet, consectetur adipiscing elit, sed do eiusmod tempor incididunt ut labore et dolore magna aliqua. Ut enim ad minim veniam, quis nostrud exercitation ullamco laboris nisi ut aliquip ex ea commodo consequat.',NULL,'2023-05-15 02:58:11','2023-05-15 02:58:11','sub title',12),(89,5,'Credenza Minimalis Modern Bufet','Lorem ipsum dolor sit amet, consectetur adipiscing elit, sed do eiusmod tempor incididunt ut labore et dolore magna aliqua. Ut enim ad minim veniam, quis nostrud exercitation ullamco laboris nisi ut aliquip ex ea commodo consequat.',NULL,'2023-05-15 02:58:11','2023-05-15 02:58:11','sub title',20),(90,5,'Executive Desk','Lorem ipsum dolor sit amet, consectetur adipiscing elit, sed do eiusmod tempor incididunt ut labore et dolore magna aliqua. Ut enim ad minim veniam, quis nostrud exercitation ullamco laboris nisi ut aliquip ex ea commodo consequat.',NULL,'2023-05-15 02:58:11','2023-05-15 02:58:11','sub title',12),(91,5,'Meeting Table','Lorem ipsum dolor sit amet, consectetur adipiscing elit, sed do eiusmod tempor incididunt ut labore et dolore magna aliqua. Ut enim ad minim veniam, quis nostrud exercitation ullamco laboris nisi ut aliquip ex ea commodo consequat.',NULL,'2023-05-15 02:58:11','2023-05-15 02:58:11','sub title',12),(92,5,'Minimalist Table','Lorem ipsum dolor sit amet, consectetur adipiscing elit, sed do eiusmod tempor incididunt ut labore et dolore magna aliqua. Ut enim ad minim veniam, quis nostrud exercitation ullamco laboris nisi ut aliquip ex ea commodo consequat.',NULL,'2023-05-15 02:58:11','2023-05-15 02:58:11','sub title',12),(93,5,'Minimalist Wardrobe','Lorem ipsum dolor sit amet, consectetur adipiscing elit, sed do eiusmod tempor incididunt ut labore et dolore magna aliqua. Ut enim ad minim veniam, quis nostrud exercitation ullamco laboris nisi ut aliquip ex ea commodo consequat.',NULL,'2023-05-15 02:58:11','2023-05-15 02:58:11','sub title',24),(94,2,'Office Chair','Lorem ipsum dolor sit amet, consectetur adipiscing elit, sed do eiusmod tempor incididunt ut labore et dolore magna aliqua. Ut enim ad minim veniam, quis nostrud exercitation ullamco laboris nisi ut aliquip ex ea commodo consequat.',NULL,'2023-05-15 02:58:11','2023-05-15 02:58:11','sub title',8),(95,2,'Office Chair','Lorem ipsum dolor sit amet, consectetur adipiscing elit, sed do eiusmod tempor incididunt ut labore et dolore magna aliqua. Ut enim ad minim veniam, quis nostrud exercitation ullamco laboris nisi ut aliquip ex ea commodo consequat.',NULL,'2023-05-15 02:58:11','2023-05-15 02:58:11','sub title',9),(96,2,'Office Chair','Lorem ipsum dolor sit amet, consectetur adipiscing elit, sed do eiusmod tempor incididunt ut labore et dolore magna aliqua. Ut enim ad minim veniam, quis nostrud exercitation ullamco laboris nisi ut aliquip ex ea commodo consequat.',NULL,'2023-05-15 02:58:11','2023-05-15 02:58:11','sub title',10),(97,2,'Office Chair','Lorem ipsum dolor sit amet, consectetur adipiscing elit, sed do eiusmod tempor incididunt ut labore et dolore magna aliqua. Ut enim ad minim veniam, quis nostrud exercitation ullamco laboris nisi ut aliquip ex ea commodo consequat.',NULL,'2023-05-15 02:58:11','2023-05-15 02:58:11','sub title',11),(98,2,'Office Chair','Lorem ipsum dolor sit amet, consectetur adipiscing elit, sed do eiusmod tempor incididunt ut labore et dolore magna aliqua. Ut enim ad minim veniam, quis nostrud exercitation ullamco laboris nisi ut aliquip ex ea commodo consequat.',NULL,'2023-05-15 02:58:11','2023-05-15 02:58:11','sub title',12),(99,2,'Staff Desk','Lorem ipsum dolor sit amet, consectetur adipiscing elit, sed do eiusmod tempor incididunt ut labore et dolore magna aliqua. Ut enim ad minim veniam, quis nostrud exercitation ullamco laboris nisi ut aliquip ex ea commodo consequat.',NULL,'2023-05-15 02:58:11','2023-05-15 02:58:11','sub title',18),(100,2,'Staff Desk','Lorem ipsum dolor sit amet, consectetur adipiscing elit, sed do eiusmod tempor incididunt ut labore et dolore magna aliqua. Ut enim ad minim veniam, quis nostrud exercitation ullamco laboris nisi ut aliquip ex ea commodo consequat.',NULL,'2023-05-15 02:58:11','2023-05-15 02:58:11','sub title',19),(101,2,'Staff Desk 2 Seater','Lorem ipsum dolor sit amet, consectetur adipiscing elit, sed do eiusmod tempor incididunt ut labore et dolore magna aliqua. Ut enim ad minim veniam, quis nostrud exercitation ullamco laboris nisi ut aliquip ex ea commodo consequat.',NULL,'2023-05-15 02:58:11','2023-05-15 02:58:11','sub title',21),(102,2,'Staff Desk 2 Seater','Lorem ipsum dolor sit amet, consectetur adipiscing elit, sed do eiusmod tempor incididunt ut labore et dolore magna aliqua. Ut enim ad minim veniam, quis nostrud exercitation ullamco laboris nisi ut aliquip ex ea commodo consequat.',NULL,'2023-05-15 02:58:11','2023-05-15 02:58:11','sub title',20),(103,7,'Teacher Chair','Lorem ipsum dolor sit amet, consectetur adipiscing elit, sed do eiusmod tempor incididunt ut labore et dolore magna aliqua. Ut enim ad minim veniam, quis nostrud exercitation ullamco laboris nisi ut aliquip ex ea commodo consequat.',NULL,'2023-05-15 02:58:11','2023-05-15 02:58:11','sub title',5),(104,7,'Teacher Chair','Lorem ipsum dolor sit amet, consectetur adipiscing elit, sed do eiusmod tempor incididunt ut labore et dolore magna aliqua. Ut enim ad minim veniam, quis nostrud exercitation ullamco laboris nisi ut aliquip ex ea commodo consequat.',NULL,'2023-05-15 02:58:11','2023-05-15 02:58:11','sub title',6),(106,7,'Practice Desk','Lorem ipsum dolor sit amet, consectetur adipiscing elit, sed do eiusmod tempor incididunt ut labore et dolore magna aliqua. Ut enim ad minim veniam, quis nostrud exercitation ullamco laboris nisi ut aliquip ex ea commodo consequat.',NULL,'2023-05-15 02:58:11','2023-05-15 02:58:11','sub title',12),(107,7,'Computer Desk','Lorem ipsum dolor sit amet, consectetur adipiscing elit, sed do eiusmod tempor incididunt ut labore et dolore magna aliqua. Ut enim ad minim veniam, quis nostrud exercitation ullamco laboris nisi ut aliquip ex ea commodo consequat.',NULL,'2023-05-15 02:58:11','2023-05-15 02:58:11','sub title',16),(108,7,'Practice Cabinet','Lorem ipsum dolor sit amet, consectetur adipiscing elit, sed do eiusmod tempor incididunt ut labore et dolore magna aliqua. Ut enim ad minim veniam, quis nostrud exercitation ullamco laboris nisi ut aliquip ex ea commodo consequat.',NULL,'2023-05-15 02:58:11','2023-05-15 02:58:11','sub title',11),(109,7,'Preschool Cabinet','Lorem ipsum dolor sit amet, consectetur adipiscing elit, sed do eiusmod tempor incididunt ut labore et dolore magna aliqua. Ut enim ad minim veniam, quis nostrud exercitation ullamco laboris nisi ut aliquip ex ea commodo consequat.',NULL,'2023-05-15 02:58:11','2023-05-15 02:58:11','sub title',19),(110,3,'Air Bag Simulator Trainer','Lorem ipsum dolor sit amet, consectetur adipiscing elit, sed do eiusmod tempor incididunt ut labore et dolore magna aliqua. Ut enim ad minim veniam, quis nostrud exercitation ullamco laboris nisi ut aliquip ex ea commodo consequat.',NULL,'2023-05-15 02:58:11','2023-05-15 02:58:11','sub title',10),(111,3,'AT Motorcycle Based','Lorem ipsum dolor sit amet, consectetur adipiscing elit, sed do eiusmod tempor incididunt ut labore et dolore magna aliqua. Ut enim ad minim veniam, quis nostrud exercitation ullamco laboris nisi ut aliquip ex ea commodo consequat.',NULL,'2023-05-15 02:58:11','2023-05-15 02:58:11','sub title',10),(112,3,'Charging','Lorem ipsum dolor sit amet, consectetur adipiscing elit, sed do eiusmod tempor incididunt ut labore et dolore magna aliqua. Ut enim ad minim veniam, quis nostrud exercitation ullamco laboris nisi ut aliquip ex ea commodo consequat.',NULL,'2023-05-15 02:58:11','2023-05-15 02:58:11','sub title',10),(113,3,'Direct Cool Refrigerator','Lorem ipsum dolor sit amet, consectetur adipiscing elit, sed do eiusmod tempor incididunt ut labore et dolore magna aliqua. Ut enim ad minim veniam, quis nostrud exercitation ullamco laboris nisi ut aliquip ex ea commodo consequat.',NULL,'2023-05-15 02:58:11','2023-05-15 02:58:11','sub title',10),(114,3,'Electricity Fundamental Training System','Lorem ipsum dolor sit amet, consectetur adipiscing elit, sed do eiusmod tempor incididunt ut labore et dolore magna aliqua. Ut enim ad minim veniam, quis nostrud exercitation ullamco laboris nisi ut aliquip ex ea commodo consequat.',NULL,'2023-05-15 02:58:11','2023-05-15 02:58:11','sub title',10),(115,3,'Electronic Auto Transmission Gear Simmulator','Lorem ipsum dolor sit amet, consectetur adipiscing elit, sed do eiusmod tempor incididunt ut labore et dolore magna aliqua. Ut enim ad minim veniam, quis nostrud exercitation ullamco laboris nisi ut aliquip ex ea commodo consequat.',NULL,'2023-05-15 02:58:11','2023-05-15 02:58:11','sub title',10),(116,3,'Motronic System Simulator','Lorem ipsum dolor sit amet, consectetur adipiscing elit, sed do eiusmod tempor incididunt ut labore et dolore magna aliqua. Ut enim ad minim veniam, quis nostrud exercitation ullamco laboris nisi ut aliquip ex ea commodo consequat.',NULL,'2023-05-15 02:58:11','2023-05-15 02:58:11','sub title',10),(117,3,'Renewable Energy Smart Grid','Lorem ipsum dolor sit amet, consectetur adipiscing elit, sed do eiusmod tempor incididunt ut labore et dolore magna aliqua. Ut enim ad minim veniam, quis nostrud exercitation ullamco laboris nisi ut aliquip ex ea commodo consequat.',NULL,'2023-05-15 02:58:11','2023-05-15 02:58:11','sub title',10),(118,3,'Servo Motor Training','Lorem ipsum dolor sit amet, consectetur adipiscing elit, sed do eiusmod tempor incididunt ut labore et dolore magna aliqua. Ut enim ad minim veniam, quis nostrud exercitation ullamco laboris nisi ut aliquip ex ea commodo consequat.',NULL,'2023-05-15 02:58:11','2023-05-15 02:58:11','sub title',10),(119,3,'Triner With 8 Type','Lorem ipsum dolor sit amet, consectetur adipiscing elit, sed do eiusmod tempor incididunt ut labore et dolore magna aliqua. Ut enim ad minim veniam, quis nostrud exercitation ullamco laboris nisi ut aliquip ex ea commodo consequat.',NULL,'2023-05-15 02:58:11','2023-05-15 02:58:11','sub title',10),(120,8,'Dry Coffee Bean Peeling Machine','Lorem ipsum dolor sit amet, consectetur adipiscing elit, sed do eiusmod tempor incididunt ut labore et dolore magna aliqua. Ut enim ad minim veniam, quis nostrud exercitation ullamco laboris nisi ut aliquip ex ea commodo consequat.',NULL,'2023-05-15 02:58:11','2023-05-15 02:58:11','sub title',NULL),(121,8,'Milling Machines','Lorem ipsum dolor sit amet, consectetur adipiscing elit, sed do eiusmod tempor incididunt ut labore et dolore magna aliqua. Ut enim ad minim veniam, quis nostrud exercitation ullamco laboris nisi ut aliquip ex ea commodo consequat.',NULL,'2023-05-15 02:58:11','2023-05-15 02:58:11','sub title',NULL),(122,8,'Seaweed Washing Machine','Lorem ipsum dolor sit amet, consectetur adipiscing elit, sed do eiusmod tempor incididunt ut labore et dolore magna aliqua. Ut enim ad minim veniam, quis nostrud exercitation ullamco laboris nisi ut aliquip ex ea commodo consequat.',NULL,'2023-05-15 02:58:11','2023-05-15 02:58:11','sub title',NULL),(123,8,'Wet Coffee Bean Peeling Machines','Lorem ipsum dolor sit amet, consectetur adipiscing elit, sed do eiusmod tempor incididunt ut labore et dolore magna aliqua. Ut enim ad minim veniam, quis nostrud exercitation ullamco laboris nisi ut aliquip ex ea commodo consequat.',NULL,'2023-05-15 02:58:11','2023-05-15 02:58:11','sub title',NULL),(124,8,'Fish Bone Separation Machines','Lorem ipsum dolor sit amet, consectetur adipiscing elit, sed do eiusmod tempor incididunt ut labore et dolore magna aliqua. Ut enim ad minim veniam, quis nostrud exercitation ullamco laboris nisi ut aliquip ex ea commodo consequat.',NULL,'2023-05-15 02:58:11','2023-05-15 02:58:11','sub title',NULL),(125,8,'Single-Pass Rice Milling Machines','Lorem ipsum dolor sit amet, consectetur adipiscing elit, sed do eiusmod tempor incididunt ut labore et dolore magna aliqua. Ut enim ad minim veniam, quis nostrud exercitation ullamco laboris nisi ut aliquip ex ea commodo consequat.',NULL,'2023-05-15 02:58:11','2023-05-15 02:58:11','sub title',NULL),(126,8,'Mini Combine Harvester','Lorem ipsum dolor sit amet, consectetur adipiscing elit, sed do eiusmod tempor incididunt ut labore et dolore magna aliqua. Ut enim ad minim veniam, quis nostrud exercitation ullamco laboris nisi ut aliquip ex ea commodo consequat.',NULL,'2023-05-15 02:58:11','2023-05-15 02:58:11','sub title',NULL),(127,4,'Air Compressor','Lorem ipsum dolor sit amet, consectetur adipiscing elit, sed do eiusmod tempor incididunt ut labore et dolore magna aliqua. Ut enim ad minim veniam, quis nostrud exercitation ullamco laboris nisi ut aliquip ex ea commodo consequat.',NULL,'2023-05-15 02:58:11','2023-05-15 02:58:11','sub title',NULL),(128,4,'Automatic Hose Reel Set','Lorem ipsum dolor sit amet, consectetur adipiscing elit, sed do eiusmod tempor incididunt ut labore et dolore magna aliqua. Ut enim ad minim veniam, quis nostrud exercitation ullamco laboris nisi ut aliquip ex ea commodo consequat.',NULL,'2023-05-15 02:58:11','2023-05-15 02:58:11','sub title',NULL),(129,4,'Automatic Welding Mask (Industrial)','Lorem ipsum dolor sit amet, consectetur adipiscing elit, sed do eiusmod tempor incididunt ut labore et dolore magna aliqua. Ut enim ad minim veniam, quis nostrud exercitation ullamco laboris nisi ut aliquip ex ea commodo consequat.',NULL,'2023-05-15 02:58:11','2023-05-15 02:58:11','sub title',NULL),(130,4,'Blower (Industrial)','Lorem ipsum dolor sit amet, consectetur adipiscing elit, sed do eiusmod tempor incididunt ut labore et dolore magna aliqua. Ut enim ad minim veniam, quis nostrud exercitation ullamco laboris nisi ut aliquip ex ea commodo consequat.',NULL,'2023-05-15 02:58:11','2023-05-15 02:58:11','sub title',NULL),(131,4,'Circular Saw','Lorem ipsum dolor sit amet, consectetur adipiscing elit, sed do eiusmod tempor incididunt ut labore et dolore magna aliqua. Ut enim ad minim veniam, quis nostrud exercitation ullamco laboris nisi ut aliquip ex ea commodo consequat.',NULL,'2023-05-15 02:58:11','2023-05-15 02:58:11','sub title',NULL),(132,4,'Combination Spanners Set','Lorem ipsum dolor sit amet, consectetur adipiscing elit, sed do eiusmod tempor incididunt ut labore et dolore magna aliqua. Ut enim ad minim veniam, quis nostrud exercitation ullamco laboris nisi ut aliquip ex ea commodo consequat.',NULL,'2023-05-15 02:58:11','2023-05-15 02:58:11','sub title',NULL),(133,4,'Cut-Off Saw','Lorem ipsum dolor sit amet, consectetur adipiscing elit, sed do eiusmod tempor incididunt ut labore et dolore magna aliqua. Ut enim ad minim veniam, quis nostrud exercitation ullamco laboris nisi ut aliquip ex ea commodo consequat.',NULL,'2023-05-15 02:58:11','2023-05-15 02:58:11','sub title',NULL),(134,4,'Drawer Roller Cabinet (Industrial)','Lorem ipsum dolor sit amet, consectetur adipiscing elit, sed do eiusmod tempor incididunt ut labore et dolore magna aliqua. Ut enim ad minim veniam, quis nostrud exercitation ullamco laboris nisi ut aliquip ex ea commodo consequat.',NULL,'2023-05-15 02:58:11','2023-05-15 02:58:11','sub title',NULL),(135,4,'Hose Connector Set','Lorem ipsum dolor sit amet, consectetur adipiscing elit, sed do eiusmod tempor incididunt ut labore et dolore magna aliqua. Ut enim ad minim veniam, quis nostrud exercitation ullamco laboris nisi ut aliquip ex ea commodo consequat.',NULL,'2023-05-15 02:58:11','2023-05-15 02:58:11','sub title',NULL),(136,4,'Laser DistanceI Meter (Industrial)','Lorem ipsum dolor sit amet, consectetur adipiscing elit, sed do eiusmod tempor incididunt ut labore et dolore magna aliqua. Ut enim ad minim veniam, quis nostrud exercitation ullamco laboris nisi ut aliquip ex ea commodo consequat.',NULL,'2023-05-15 02:58:11','2023-05-15 02:58:11','sub title',NULL),(137,4,'Li-Ion Cordless Drill (Industrial)','Lorem ipsum dolor sit amet, consectetur adipiscing elit, sed do eiusmod tempor incididunt ut labore et dolore magna aliqua. Ut enim ad minim veniam, quis nostrud exercitation ullamco laboris nisi ut aliquip ex ea commodo consequat.',NULL,'2023-05-15 02:58:11','2023-05-15 02:58:11','sub title',NULL),(138,4,'Pipe Threding Set','Lorem ipsum dolor sit amet, consectetur adipiscing elit, sed do eiusmod tempor incididunt ut labore et dolore magna aliqua. Ut enim ad minim veniam, quis nostrud exercitation ullamco laboris nisi ut aliquip ex ea commodo consequat.',NULL,'2023-05-15 02:58:11','2023-05-15 02:58:11','sub title',NULL),(140,6,'Buttonhole Machine With Table','Lorem ipsum dolor sit amet, consectetur adipiscing elit, sed do eiusmod tempor incididunt ut labore et dolore magna aliqua. Ut enim ad minim veniam, quis nostrud exercitation ullamco laboris nisi ut aliquip ex ea commodo consequat.',NULL,'2023-05-15 02:58:11','2023-05-15 02:58:11','sub title',NULL),(141,6,'Embroidery Machine Set With Table','Lorem ipsum dolor sit amet, consectetur adipiscing elit, sed do eiusmod tempor incididunt ut labore et dolore magna aliqua. Ut enim ad minim veniam, quis nostrud exercitation ullamco laboris nisi ut aliquip ex ea commodo consequat.',NULL,'2023-05-15 02:58:11','2023-05-15 02:58:11','sub title',NULL),(142,6,'High-Speed Overlock Machine Set With Table','Lorem ipsum dolor sit amet, consectetur adipiscing elit, sed do eiusmod tempor incididunt ut labore et dolore magna aliqua. Ut enim ad minim veniam, quis nostrud exercitation ullamco laboris nisi ut aliquip ex ea commodo consequat.',NULL,'2023-05-15 02:58:11','2023-05-15 02:58:11','sub title',NULL),(143,6,'High-Speed Sewing Machine Set With Table','Lorem ipsum dolor sit amet, consectetur adipiscing elit, sed do eiusmod tempor incididunt ut labore et dolore magna aliqua. Ut enim ad minim veniam, quis nostrud exercitation ullamco laboris nisi ut aliquip ex ea commodo consequat.',NULL,'2023-05-15 02:58:11','2023-05-15 02:58:11','sub title',NULL),(144,6,'Kelim Machine Set With Table','Lorem ipsum dolor sit amet, consectetur adipiscing elit, sed do eiusmod tempor incididunt ut labore et dolore magna aliqua. Ut enim ad minim veniam, quis nostrud exercitation ullamco laboris nisi ut aliquip ex ea commodo consequat.',NULL,'2023-05-15 02:58:11','2023-05-15 02:58:11','sub title',NULL),(145,6,'Low-Speed Overlock Machine Set With Table','Lorem ipsum dolor sit amet, consectetur adipiscing elit, sed do eiusmod tempor incididunt ut labore et dolore magna aliqua. Ut enim ad minim veniam, quis nostrud exercitation ullamco laboris nisi ut aliquip ex ea commodo consequat.',NULL,'2023-05-15 02:58:11','2023-05-15 02:58:11','sub title',NULL),(146,6,'Low-Speed Sewing Machine Set With Table','Lorem ipsum dolor sit amet, consectetur adipiscing elit, sed do eiusmod tempor incididunt ut labore et dolore magna aliqua. Ut enim ad minim veniam, quis nostrud exercitation ullamco laboris nisi ut aliquip ex ea commodo consequat.',NULL,'2023-05-15 02:58:11','2023-05-15 02:58:11','sub title',NULL),(147,6,'Manual Embroidery Machine Set With Table','Lorem ipsum dolor sit amet, consectetur adipiscing elit, sed do eiusmod tempor incididunt ut labore et dolore magna aliqua. Ut enim ad minim veniam, quis nostrud exercitation ullamco laboris nisi ut aliquip ex ea commodo consequat.',NULL,'2023-05-15 02:58:11','2023-05-15 02:58:11','sub title',NULL);
/*!40000 ALTER TABLE `product` ENABLE KEYS */;
UNLOCK TABLES;

--
-- Table structure for table `product_image`
--

DROP TABLE IF EXISTS `product_image`;
/*!40101 SET @saved_cs_client     = @@character_set_client */;
/*!40101 SET character_set_client = utf8 */;
CREATE TABLE `product_image` (
  `id` bigint(20) unsigned NOT NULL AUTO_INCREMENT,
  `id_product` bigint(20) NOT NULL,
  `id_media` bigint(20) unsigned NOT NULL,
  `created_at` timestamp NULL DEFAULT NULL,
  `updated_at` timestamp NULL DEFAULT NULL,
  PRIMARY KEY (`id`)
) ENGINE=InnoDB AUTO_INCREMENT=223 DEFAULT CHARSET=utf8;
/*!40101 SET character_set_client = @saved_cs_client */;

--
-- Dumping data for table `product_image`
--

LOCK TABLES `product_image` WRITE;
/*!40000 ALTER TABLE `product_image` DISABLE KEYS */;
INSERT INTO `product_image` VALUES (1,1,1,'2023-05-15 02:58:11','2023-05-15 02:58:11'),(2,2,2,'2023-05-15 02:58:11','2023-05-15 02:58:11'),(3,3,3,'2023-05-15 02:58:11','2023-05-15 02:58:11'),(4,4,4,'2023-05-15 02:58:11','2023-05-15 02:58:11'),(5,5,5,'2023-05-15 02:58:11','2023-05-15 02:58:11'),(6,6,6,'2023-05-15 02:58:11','2023-05-15 02:58:11'),(7,7,7,'2023-05-15 02:58:11','2023-05-15 02:58:11'),(8,8,8,'2023-05-15 02:58:11','2023-05-15 02:58:11'),(9,9,9,'2023-05-15 02:58:11','2023-05-15 02:58:11'),(10,10,10,'2023-05-15 02:58:11','2023-05-15 02:58:11'),(11,11,11,'2023-05-15 02:58:11','2023-05-15 02:58:11'),(12,12,12,'2023-05-15 02:58:11','2023-05-15 02:58:11'),(13,13,13,'2023-05-15 02:58:11','2023-05-15 02:58:11'),(14,14,14,'2023-05-15 02:58:11','2023-05-15 02:58:11'),(15,15,15,'2023-05-15 02:58:11','2023-05-15 02:58:11'),(16,16,16,'2023-05-15 02:58:11','2023-05-15 02:58:11'),(17,17,17,'2023-05-15 02:58:11','2023-05-15 02:58:11'),(18,18,18,'2023-05-15 02:58:11','2023-05-15 02:58:11'),(19,19,19,'2023-05-15 02:58:11','2023-05-15 02:58:11'),(20,20,20,'2023-05-15 02:58:11','2023-05-15 02:58:11'),(21,21,21,'2023-05-15 02:58:11','2023-05-15 02:58:11'),(22,22,22,'2023-05-15 02:58:11','2023-05-15 02:58:11'),(23,23,23,'2023-05-15 02:58:11','2023-05-15 02:58:11'),(24,24,24,'2023-05-15 02:58:11','2023-05-15 02:58:11'),(25,25,25,'2023-05-15 02:58:11','2023-05-15 02:58:11'),(26,26,26,'2023-05-15 02:58:11','2023-05-15 02:58:11'),(27,27,27,'2023-05-15 02:58:11','2023-05-15 02:58:11'),(28,28,28,'2023-05-15 02:58:11','2023-05-15 02:58:11'),(29,29,29,'2023-05-15 02:58:11','2023-05-15 02:58:11'),(30,30,30,'2023-05-15 02:58:11','2023-05-15 02:58:11'),(31,31,31,'2023-05-15 02:58:11','2023-05-15 02:58:11'),(32,32,32,'2023-05-15 02:58:11','2023-05-15 02:58:11'),(33,33,33,'2023-05-15 02:58:11','2023-05-15 02:58:11'),(34,34,34,'2023-05-15 02:58:11','2023-05-15 02:58:11'),(35,35,35,'2023-05-15 02:58:11','2023-05-15 02:58:11'),(36,36,36,'2023-05-15 02:58:11','2023-05-15 02:58:11'),(37,37,37,'2023-05-15 02:58:11','2023-05-15 02:58:11'),(38,38,38,'2023-05-15 02:58:11','2023-05-15 02:58:11'),(39,39,39,'2023-05-15 02:58:11','2023-05-15 02:58:11'),(40,40,40,'2023-05-15 02:58:11','2023-05-15 02:58:11'),(41,41,41,'2023-05-15 02:58:11','2023-05-15 02:58:11'),(42,42,42,'2023-05-15 02:58:11','2023-05-15 02:58:11'),(43,43,43,'2023-05-15 02:58:11','2023-05-15 02:58:11'),(44,44,44,'2023-05-15 02:58:11','2023-05-15 02:58:11'),(45,45,45,'2023-05-15 02:58:11','2023-05-15 02:58:11'),(46,46,46,'2023-05-15 02:58:11','2023-05-15 02:58:11'),(47,47,47,'2023-05-15 02:58:11','2023-05-15 02:58:11'),(48,48,48,'2023-05-15 02:58:11','2023-05-15 02:58:11'),(49,49,49,'2023-05-15 02:58:11','2023-05-15 02:58:11'),(50,50,50,'2023-05-15 02:58:11','2023-05-15 02:58:11'),(51,51,51,'2023-05-15 02:58:11','2023-05-15 02:58:11'),(52,52,52,'2023-05-15 02:58:11','2023-05-15 02:58:11'),(53,53,53,'2023-05-15 02:58:11','2023-05-15 02:58:11'),(54,54,54,'2023-05-15 02:58:11','2023-05-15 02:58:11'),(55,55,55,'2023-05-15 02:58:11','2023-05-15 02:58:11'),(56,56,56,'2023-05-15 02:58:11','2023-05-15 02:58:11'),(57,57,57,'2023-05-15 02:58:11','2023-05-15 02:58:11'),(58,58,58,'2023-05-15 02:58:11','2023-05-15 02:58:11'),(59,59,59,'2023-05-15 02:58:11','2023-05-15 02:58:11'),(60,60,60,'2023-05-15 02:58:11','2023-05-15 02:58:11'),(61,61,61,'2023-05-15 02:58:11','2023-05-15 02:58:11'),(62,62,62,'2023-05-15 02:58:11','2023-05-15 02:58:11'),(63,63,63,'2023-05-15 02:58:11','2023-05-15 02:58:11'),(64,64,64,'2023-05-15 02:58:11','2023-05-15 02:58:11'),(65,65,65,'2023-05-15 02:58:11','2023-05-15 02:58:11'),(66,66,66,'2023-05-15 02:58:11','2023-05-15 02:58:11'),(67,67,67,'2023-05-15 02:58:11','2023-05-15 02:58:11'),(68,68,68,'2023-05-15 02:58:11','2023-05-15 02:58:11'),(69,69,69,'2023-05-15 02:58:11','2023-05-15 02:58:11'),(70,70,70,'2023-05-15 02:58:11','2023-05-15 02:58:11'),(71,71,71,'2023-05-15 02:58:11','2023-05-15 02:58:11'),(72,72,72,'2023-05-15 02:58:11','2023-05-15 02:58:11'),(73,73,73,'2023-05-15 02:58:11','2023-05-15 02:58:11'),(74,74,74,'2023-05-15 02:58:11','2023-05-15 02:58:11'),(75,75,75,'2023-05-15 02:58:11','2023-05-15 02:58:11'),(76,2,2,'2023-05-15 02:58:11','2023-05-15 02:58:11'),(77,1,1,NULL,NULL),(78,3,3,NULL,NULL),(79,4,4,NULL,NULL),(80,5,5,NULL,NULL),(81,6,6,NULL,NULL),(82,7,7,NULL,NULL),(83,8,8,NULL,NULL),(84,9,9,NULL,NULL),(85,10,10,NULL,NULL),(86,11,11,NULL,NULL),(87,12,12,NULL,NULL),(88,13,13,NULL,NULL),(89,14,14,NULL,NULL),(90,15,15,NULL,NULL),(91,16,16,NULL,NULL),(92,17,17,NULL,NULL),(93,18,18,NULL,NULL),(94,19,19,NULL,NULL),(95,20,20,NULL,NULL),(96,21,21,NULL,NULL),(97,22,22,NULL,NULL),(98,23,23,NULL,NULL),(99,24,24,NULL,NULL),(100,25,25,NULL,NULL),(101,26,26,NULL,NULL),(102,27,27,NULL,NULL),(103,28,28,NULL,NULL),(104,29,29,NULL,NULL),(105,30,30,NULL,NULL),(106,31,31,NULL,NULL),(107,32,32,NULL,NULL),(108,33,33,NULL,NULL),(109,34,34,NULL,NULL),(110,35,35,NULL,NULL),(111,36,36,NULL,NULL),(112,37,37,NULL,NULL),(113,38,38,NULL,NULL),(114,39,39,NULL,NULL),(115,40,40,NULL,NULL),(116,41,41,NULL,NULL),(117,42,42,NULL,NULL),(118,43,43,NULL,NULL),(119,44,44,NULL,NULL),(120,45,45,NULL,NULL),(121,46,46,NULL,NULL),(122,47,47,NULL,NULL),(123,48,48,NULL,NULL),(124,49,49,NULL,NULL),(125,50,50,NULL,NULL),(126,51,51,NULL,NULL),(127,52,52,NULL,NULL),(128,53,53,NULL,NULL),(129,54,54,NULL,NULL),(130,55,55,NULL,NULL),(131,56,56,NULL,NULL),(132,57,57,NULL,NULL),(133,58,58,NULL,NULL),(134,59,59,NULL,NULL),(135,60,60,NULL,NULL),(136,61,61,NULL,NULL),(137,62,62,NULL,NULL),(138,63,63,NULL,NULL),(139,64,64,NULL,NULL),(140,65,65,NULL,NULL),(141,66,66,NULL,NULL),(142,67,67,NULL,NULL),(143,68,68,NULL,NULL),(144,69,69,NULL,NULL),(145,70,70,NULL,NULL),(146,71,71,NULL,NULL),(147,72,72,NULL,NULL),(148,73,73,NULL,NULL),(149,74,74,NULL,NULL),(150,75,75,NULL,NULL),(151,76,113,'2023-05-15 02:58:11','2023-05-15 02:58:11'),(152,77,114,'2023-05-15 02:58:11','2023-05-15 02:58:11'),(153,78,115,'2023-05-15 02:58:11','2023-05-15 02:58:11'),(154,79,116,'2023-05-15 02:58:11','2023-05-15 02:58:11'),(155,80,117,'2023-05-15 02:58:11','2023-05-15 02:58:11'),(156,81,118,'2023-05-15 02:58:11','2023-05-15 02:58:11'),(157,82,119,'2023-05-15 02:58:11','2023-05-15 02:58:11'),(158,83,120,'2023-05-15 02:58:11','2023-05-15 02:58:11'),(159,84,121,'2023-05-15 02:58:11','2023-05-15 02:58:11'),(160,85,122,'2023-05-15 02:58:11','2023-05-15 02:58:11'),(161,86,123,'2023-05-15 02:58:11','2023-05-15 02:58:11'),(162,87,124,'2023-05-15 02:58:11','2023-05-15 02:58:11'),(163,88,125,'2023-05-15 02:58:11','2023-05-15 02:58:11'),(164,89,126,'2023-05-15 02:58:11','2023-05-15 02:58:11'),(165,90,127,'2023-05-15 02:58:11','2023-05-15 02:58:11'),(166,91,128,'2023-05-15 02:58:11','2023-05-15 02:58:11'),(167,92,129,'2023-05-15 02:58:11','2023-05-15 02:58:11'),(168,93,130,'2023-05-15 02:58:11','2023-05-15 02:58:11'),(169,94,131,'2023-05-15 02:58:11','2023-05-15 02:58:11'),(170,95,132,'2023-05-15 02:58:11','2023-05-15 02:58:11'),(171,96,133,'2023-05-15 02:58:11','2023-05-15 02:58:11'),(172,97,134,'2023-05-15 02:58:11','2023-05-15 02:58:11'),(173,98,135,'2023-05-15 02:58:11','2023-05-15 02:58:11'),(174,99,136,'2023-05-15 02:58:11','2023-05-15 02:58:11'),(175,100,137,'2023-05-15 02:58:11','2023-05-15 02:58:11'),(176,101,138,'2023-05-15 02:58:11','2023-05-15 02:58:11'),(177,102,139,'2023-05-15 02:58:11','2023-05-15 02:58:11'),(178,103,140,'2023-05-15 02:58:11','2023-05-15 02:58:11'),(179,104,141,'2023-05-15 02:58:11','2023-05-15 02:58:11'),(181,106,143,'2023-05-15 02:58:11','2023-05-15 02:58:11'),(182,107,144,'2023-05-15 02:58:11','2023-05-15 02:58:11'),(183,108,145,'2023-05-15 02:58:11','2023-05-15 02:58:11'),(184,109,146,'2023-05-15 02:58:11','2023-05-15 02:58:11'),(185,110,147,'2023-05-15 02:58:11','2023-05-15 02:58:11'),(186,111,148,'2023-05-15 02:58:11','2023-05-15 02:58:11'),(187,112,149,'2023-05-15 02:58:11','2023-05-15 02:58:11'),(188,113,150,'2023-05-15 02:58:11','2023-05-15 02:58:11'),(189,114,151,'2023-05-15 02:58:11','2023-05-15 02:58:11'),(190,115,152,'2023-05-15 02:58:11','2023-05-15 02:58:11'),(191,116,153,'2023-05-15 02:58:11','2023-05-15 02:58:11'),(192,117,154,'2023-05-15 02:58:11','2023-05-15 02:58:11'),(193,118,155,'2023-05-15 02:58:11','2023-05-15 02:58:11'),(194,119,156,'2023-05-15 02:58:11','2023-05-15 02:58:11'),(195,120,157,'2023-05-15 02:58:11','2023-05-15 02:58:11'),(196,121,158,'2023-05-15 02:58:11','2023-05-15 02:58:11'),(197,122,159,'2023-05-15 02:58:11','2023-05-15 02:58:11'),(198,123,160,'2023-05-15 02:58:11','2023-05-15 02:58:11'),(199,124,161,'2023-05-15 02:58:11','2023-05-15 02:58:11'),(200,125,162,'2023-05-15 02:58:11','2023-05-15 02:58:11'),(201,126,163,'2023-05-15 02:58:11','2023-05-15 02:58:11'),(202,127,164,'2023-05-15 02:58:11','2023-05-15 02:58:11'),(203,128,165,'2023-05-15 02:58:11','2023-05-15 02:58:11'),(204,129,166,'2023-05-15 02:58:11','2023-05-15 02:58:11'),(205,130,167,'2023-05-15 02:58:11','2023-05-15 02:58:11'),(206,131,168,'2023-05-15 02:58:11','2023-05-15 02:58:11'),(207,132,169,'2023-05-15 02:58:11','2023-05-15 02:58:11'),(208,133,170,'2023-05-15 02:58:11','2023-05-15 02:58:11'),(209,134,171,'2023-05-15 02:58:11','2023-05-15 02:58:11'),(210,135,172,'2023-05-15 02:58:11','2023-05-15 02:58:11'),(211,136,173,'2023-05-15 02:58:11','2023-05-15 02:58:11'),(212,137,174,'2023-05-15 02:58:11','2023-05-15 02:58:11'),(213,138,175,'2023-05-15 02:58:11','2023-05-15 02:58:11'),(215,140,177,'2023-05-15 02:58:11','2023-05-15 02:58:11'),(216,141,178,'2023-05-15 02:58:11','2023-05-15 02:58:11'),(217,142,179,'2023-05-15 02:58:11','2023-05-15 02:58:11'),(218,143,180,'2023-05-15 02:58:11','2023-05-15 02:58:11'),(219,144,181,'2023-05-15 02:58:11','2023-05-15 02:58:11'),(220,145,182,'2023-05-15 02:58:11','2023-05-15 02:58:11'),(221,146,183,'2023-05-15 02:58:11','2023-05-15 02:58:11'),(222,147,184,'2023-05-15 02:58:11','2023-05-15 02:58:11');
/*!40000 ALTER TABLE `product_image` ENABLE KEYS */;
UNLOCK TABLES;

--
-- Table structure for table `project`
--

DROP TABLE IF EXISTS `project`;
/*!40101 SET @saved_cs_client     = @@character_set_client */;
/*!40101 SET character_set_client = utf8 */;
CREATE TABLE `project` (
  `id` int(10) unsigned NOT NULL AUTO_INCREMENT,
  `project_name` varchar(100) DEFAULT NULL,
  `created_at` timestamp NULL DEFAULT NULL,
  `updated_at` timestamp NULL DEFAULT NULL,
  PRIMARY KEY (`id`)
) ENGINE=InnoDB AUTO_INCREMENT=7 DEFAULT CHARSET=utf8;
/*!40101 SET character_set_client = @saved_cs_client */;

--
-- Dumping data for table `project`
--

LOCK TABLES `project` WRITE;
/*!40000 ALTER TABLE `project` DISABLE KEYS */;
INSERT INTO `project` VALUES (1,'Office Space','2023-05-15 02:58:11','2023-05-15 02:58:11'),(2,'Hall','2023-05-15 02:58:11','2023-05-15 02:58:11'),(3,'Residential','2023-05-15 02:58:11','2023-05-15 02:58:11'),(4,'Hospitality','2023-05-15 02:58:11','2023-05-15 02:58:11'),(5,'Public Space','2023-05-15 02:58:11','2023-05-15 02:58:11'),(6,'University','2023-05-15 02:58:11','2023-05-15 02:58:11');
/*!40000 ALTER TABLE `project` ENABLE KEYS */;
UNLOCK TABLES;

--
-- Table structure for table `project_image`
--

DROP TABLE IF EXISTS `project_image`;
/*!40101 SET @saved_cs_client     = @@character_set_client */;
/*!40101 SET character_set_client = utf8 */;
CREATE TABLE `project_image` (
  `id` int(10) unsigned NOT NULL AUTO_INCREMENT,
  `id_project` int(10) unsigned NOT NULL,
  `id_media` bigint(20) unsigned NOT NULL,
  `created_at` timestamp NULL DEFAULT NULL,
  `updated_at` timestamp NULL DEFAULT NULL,
  PRIMARY KEY (`id`)
) ENGINE=InnoDB AUTO_INCREMENT=37 DEFAULT CHARSET=utf8;
/*!40101 SET character_set_client = @saved_cs_client */;

--
-- Dumping data for table `project_image`
--

LOCK TABLES `project_image` WRITE;
/*!40000 ALTER TABLE `project_image` DISABLE KEYS */;
INSERT INTO `project_image` VALUES (1,1,77,'2023-05-15 02:58:11','2023-05-15 02:58:11'),(2,1,78,'2023-05-15 02:58:11','2023-05-15 02:58:11'),(3,1,79,'2023-05-15 02:58:11','2023-05-15 02:58:11'),(4,1,80,'2023-05-15 02:58:11','2023-05-15 02:58:11'),(5,1,81,'2023-05-15 02:58:11','2023-05-15 02:58:11'),(6,1,82,'2023-05-15 02:58:11','2023-05-15 02:58:11'),(7,1,83,'2023-05-15 02:58:11','2023-05-15 02:58:11'),(8,1,84,'2023-05-15 02:58:11','2023-05-15 02:58:11'),(9,2,85,'2023-05-15 02:58:11','2023-05-15 02:58:11'),(10,2,86,'2023-05-15 02:58:11','2023-05-15 02:58:11'),(11,3,87,'2023-05-15 02:58:11','2023-05-15 02:58:11'),(12,3,88,'2023-05-15 02:58:11','2023-05-15 02:58:11'),(13,3,89,'2023-05-15 02:58:11','2023-05-15 02:58:11'),(14,3,90,'2023-05-15 02:58:11','2023-05-15 02:58:11'),(15,4,91,'2023-05-15 02:58:11','2023-05-15 02:58:11'),(16,4,92,'2023-05-15 02:58:11','2023-05-15 02:58:11'),(17,4,93,'2023-05-15 02:58:11','2023-05-15 02:58:11'),(18,4,94,'2023-05-15 02:58:11','2023-05-15 02:58:11'),(19,4,95,'2023-05-15 02:58:11','2023-05-15 02:58:11'),(20,4,96,'2023-05-15 02:58:11','2023-05-15 02:58:11'),(21,4,97,'2023-05-15 02:58:11','2023-05-15 02:58:11'),(22,5,98,'2023-05-15 02:58:11','2023-05-15 02:58:11'),(23,6,99,'2023-05-15 02:58:11','2023-05-15 02:58:11'),(24,6,100,'2023-05-15 02:58:11','2023-05-15 02:58:11'),(25,6,101,'2023-05-15 02:58:11','2023-05-15 02:58:11'),(26,6,102,'2023-05-15 02:58:11','2023-05-15 02:58:11'),(27,6,103,'2023-05-15 02:58:11','2023-05-15 02:58:11'),(28,6,112,'2023-05-15 02:58:11','2023-05-15 02:58:11'),(29,6,105,'2023-05-15 02:58:11','2023-05-15 02:58:11'),(30,6,106,'2023-05-15 02:58:11','2023-05-15 02:58:11'),(31,6,107,'2023-05-15 02:58:11','2023-05-15 02:58:11'),(32,6,108,'2023-05-15 02:58:11','2023-05-15 02:58:11'),(33,6,109,'2023-05-15 02:58:11','2023-05-15 02:58:11'),(34,6,110,'2023-05-15 02:58:11','2023-05-15 02:58:11'),(35,6,111,'2023-05-15 02:58:11','2023-05-15 02:58:11'),(36,6,104,'2023-05-15 02:58:11','2023-05-15 02:58:11');
/*!40000 ALTER TABLE `project_image` ENABLE KEYS */;
UNLOCK TABLES;
/*!40103 SET TIME_ZONE=@OLD_TIME_ZONE */;

/*!40101 SET SQL_MODE=@OLD_SQL_MODE */;
/*!40014 SET FOREIGN_KEY_CHECKS=@OLD_FOREIGN_KEY_CHECKS */;
/*!40014 SET UNIQUE_CHECKS=@OLD_UNIQUE_CHECKS */;
/*!40101 SET CHARACTER_SET_CLIENT=@OLD_CHARACTER_SET_CLIENT */;
/*!40101 SET CHARACTER_SET_RESULTS=@OLD_CHARACTER_SET_RESULTS */;
/*!40101 SET COLLATION_CONNECTION=@OLD_COLLATION_CONNECTION */;
/*!40111 SET SQL_NOTES=@OLD_SQL_NOTES */;

-- Dump completed on 2023-07-14  8:31:38
